-- MySQL dump 10.13  Distrib 8.0.13, for Win64 (x86_64)
--
-- Host: localhost    Database: tkfgdb
-- ------------------------------------------------------
-- Server version	8.0.13

/*!40101 SET @OLD_CHARACTER_SET_CLIENT=@@CHARACTER_SET_CLIENT */;
/*!40101 SET @OLD_CHARACTER_SET_RESULTS=@@CHARACTER_SET_RESULTS */;
/*!40101 SET @OLD_COLLATION_CONNECTION=@@COLLATION_CONNECTION */;
 SET NAMES utf8 ;
/*!40103 SET @OLD_TIME_ZONE=@@TIME_ZONE */;
/*!40103 SET TIME_ZONE='+00:00' */;
/*!40014 SET @OLD_UNIQUE_CHECKS=@@UNIQUE_CHECKS, UNIQUE_CHECKS=0 */;
/*!40014 SET @OLD_FOREIGN_KEY_CHECKS=@@FOREIGN_KEY_CHECKS, FOREIGN_KEY_CHECKS=0 */;
/*!40101 SET @OLD_SQL_MODE=@@SQL_MODE, SQL_MODE='NO_AUTO_VALUE_ON_ZERO' */;
/*!40111 SET @OLD_SQL_NOTES=@@SQL_NOTES, SQL_NOTES=0 */;

--
-- Table structure for table `datafields`
--

DROP TABLE IF EXISTS `datafields`;
/*!40101 SET @saved_cs_client     = @@character_set_client */;
 SET character_set_client = utf8mb4 ;
CREATE TABLE `datafields` (
  `ID` int(11) NOT NULL AUTO_INCREMENT,
  `Data` varchar(255) NOT NULL,
  `FieldID` int(11) DEFAULT NULL,
  `Link_P` int(11) DEFAULT NULL,
  `Link_S` int(11) DEFAULT NULL,
  PRIMARY KEY (`ID`),
  KEY `FieldID_idx` (`FieldID`),
  CONSTRAINT `FieldIDDF` FOREIGN KEY (`FieldID`) REFERENCES `fields` (`id`)
) ENGINE=InnoDB AUTO_INCREMENT=4769 DEFAULT CHARSET=utf8;
/*!40101 SET character_set_client = @saved_cs_client */;

--
-- Dumping data for table `datafields`
--

LOCK TABLES `datafields` WRITE;
/*!40000 ALTER TABLE `datafields` DISABLE KEYS */;
INSERT INTO `datafields` VALUES (1208,'H',3113,NULL,NULL),(1209,'C',3113,NULL,NULL),(1210,'D',3113,NULL,NULL),(1353,'CHINO',3114,NULL,NULL),(1404,'A',3117,NULL,NULL),(1410,'ECOM',3118,NULL,NULL),(1659,'TI1150',3115,NULL,-1634142429),(1736,'F-123-4567-XLN',3241,-1634142429,-1066052755),(1737,'Polo Shirt, Mens, X-Large, Cotton Knit, Navy',3242,-1634142429,-1066052755),(1738,'\'0816645022440',3247,-1634142429,-1066052755),(1739,'EA',3245,-1634142429,-1066052755),(1740,'F-224-4568-SMP',3241,-1634142429,606893122),(1741,'T-Shirt, Womens, Small, Cotton Poly Knit, Pink Roses',3242,-1634142429,606893122),(1742,'\'0816645022433',3247,-1634142429,606893122),(1743,'EA',3245,-1634142429,606893122),(1744,'S-321-4569-L10',3241,-1634142429,1077305581),(1745,'Loafers, Mens, Size 10, Leather, Brown',3242,-1634142429,1077305581),(1746,'\'0817810021534',3247,-1634142429,1077305581),(1747,'EA',3245,-1634142429,1077305581),(1748,'S-424-4570-C75',3241,-1634142429,-424882320),(1749,'Sandals, Womens, Size 7.5, Composition, Tan',3242,-1634142429,-424882320),(1750,'\'0817810028748',3247,-1634142429,-424882320),(1751,'EA',3245,-1634142429,-424882320),(1752,'J-571-4572-18G',3241,-1634142429,1957254620),(1753,'Necklace, Womens, 18 inch, Herringbone, 10-K Gold',3242,-1634142429,1957254620),(1754,'\'0817810028762',3247,-1634142429,1957254620),(1755,'EA',3245,-1634142429,1957254620),(1756,'A-789-4573-SMB',3241,-1634142429,19492557),(1757,'Clutch, Womens, Small, Beaded, Black',3242,-1634142429,19492557),(1758,'\'0817810024054',3247,-1634142429,19492557),(1759,'EA',3245,-1634142429,19492557),(1760,'J-571-5472-PLP',3241,-1634142429,1835974033),(1761,'Watch, Childrens, 3.5 inch, Plastic Band, Pink',3242,-1634142429,1835974033),(1762,'\'0817810024061',3247,-1634142429,1835974033),(1763,'EA',3245,-1634142429,1835974033),(1764,'A-789-7345-PCT',3241,-1634142429,903675038),(1765,'Scarf, Womens, Endless, Poly Crepe, Teal Multi-print',3242,-1634142429,903675038),(1766,'\'0817810024078',3247,-1634142429,903675038),(1767,'EA',3245,-1634142429,903675038),(1768,'A-989-6345-LTB',3241,-1634142429,1450343631),(1769,'Shalimar, Womens, 1 ounce, Eau de Parfum, Crystal',3242,-1634142429,1450343631),(1770,'\'0817810024085',3247,-1634142429,1450343631),(1771,'EA',3245,-1634142429,1450343631),(1772,'F-123-6754-CTK',3241,-1634142429,918813054),(1773,'Cargo Pants, Mens, 32 Long-34 Waist, Cotton, Khaki ',3242,-1634142429,918813054),(1774,'\'0817810021800',3247,-1634142429,918813054),(1775,'EA',3245,-1634142429,918813054),(1776,'F-224-6545-PKN',3241,-1634142429,1578800261),(1777,'Slacks, Womens, 14 Average, Poly Knit, Navy',3242,-1634142429,1578800261),(1778,'\'0817810021763',3247,-1634142429,1578800261),(1779,'EA',3245,-1634142429,1578800261),(1780,'A-889-7435-NKB',3241,-1634142429,-1569568926),(1781,'Socks, Childrens, Newborn, Nylon Knit, Blue',3242,-1634142429,-1569568926),(1782,'\'0817810021770',3247,-1634142429,-1569568926),(1783,'EA',3245,-1634142429,-1569568926),(1784,'ST1150',3115,NULL,-60768),(1785,'E1183-BLEND',3241,-60768,2104277226),(1786,'Blender, Small, Travel, Black',3242,-60768,2104277226),(1787,'\'0817810023897',3247,-60768,2104277226),(1788,'EA',3245,-60768,2104277226),(1789,'E2040-TOAST',3241,-60768,-1718553336),(1790,'Toaster, 4 Slice, Chrome, Black',3242,-60768,-1718553336),(1791,'\'0817810023903',3247,-60768,-1718553336),(1792,'EA',3245,-60768,-1718553336),(1793,'C5928-GRILL',3241,-60768,-130099845),(1794,'Grill Mat, 15 x 13 Inch, Outdoor, Copper',3242,-60768,-130099845),(1795,'\'0817810024191',3247,-60768,-130099845),(1796,'EA',3245,-60768,-130099845),(1797,'A-9914-PTFAN',3241,-60768,1132568883),(1798,'Fan, 3 Speed, Personal, White',3242,-60768,1132568883),(1799,'\'0817810028786',3247,-60768,1132568883),(1800,'EA',3245,-60768,1132568883),(1801,'T9867-BHAMR',3241,-60768,412978954),(1802,'Hammer, 17 Inch, Ball Peen, Wooden',3242,-60768,412978954),(1803,'\'0817810021848',3247,-60768,412978954),(1804,'EA',3245,-60768,412978954),(1805,'E1406-SCNTR',3241,-60768,-1072472535),(1806,'Containers, 3 Piece, Storage, Clear Plastic',3242,-60768,-1072472535),(1807,'\'0817810021879',3247,-60768,-1072472535),(1808,'EA',3245,-60768,-1072472535),(1809,'T1643-FLASH',3241,-60768,-1138256665),(1810,'Flashlight, Large, Quad LED, Grey',3242,-60768,-1138256665),(1811,'\'0817810021886',3247,-60768,-1138256665),(1812,'EA',3245,-60768,-1138256665),(1813,'ENG',3186,NULL,NULL),(3481,'John Doe',3122,NULL,NULL),(3484,'CHINO02',3299,NULL,NULL),(3485,'2359 Blain Road',3124,NULL,1808549726),(3486,'',3125,NULL,1808549726),(3487,'Loysville',3127,NULL,1808549726),(3488,'PA',3128,NULL,1808549726),(3489,'17047',3129,NULL,1808549726),(3490,'9054',3130,NULL,1808549726),(3491,'US',3131,NULL,1808549726),(3492,'2359 Blain Road',3138,NULL,1808549726),(3493,'',3139,NULL,1808549726),(3494,'Loysville',3141,NULL,1808549726),(3495,'17047',3143,NULL,1808549726),(3496,'9054',3144,NULL,1808549726),(3497,'PA',3142,NULL,1808549726),(3498,'US',3145,NULL,1808549726),(3499,'John Doe 1',3136,NULL,1808549726),(3500,'John Doe 1',3122,NULL,1808549726),(3501,'5054506000',3132,NULL,1808549726),(3502,'5054506000',3146,NULL,1808549726),(3503,'johndoe1@mail.com',3147,NULL,1808549726),(3504,'johndoe1@mail.com',3133,NULL,1808549726),(3505,'1290 Bernheisel Road',3124,NULL,526052056),(3506,'',3125,NULL,526052056),(3507,'Loysville',3127,NULL,526052056),(3508,'PA',3128,NULL,526052056),(3509,'17047',3129,NULL,526052056),(3510,'9080',3130,NULL,526052056),(3511,'US',3131,NULL,526052056),(3512,'1290 Bernheisel Road',3138,NULL,526052056),(3513,'',3139,NULL,526052056),(3514,'Loysville',3141,NULL,526052056),(3515,'17047',3143,NULL,526052056),(3516,'9080',3144,NULL,526052056),(3517,'PA',3142,NULL,526052056),(3518,'US',3145,NULL,526052056),(3519,'John Doe 2',3136,NULL,526052056),(3520,'John Doe 2',3122,NULL,526052056),(3521,'5054506001',3132,NULL,526052056),(3522,'5054506001',3146,NULL,526052056),(3523,'johndoe2@mail.com',3147,NULL,526052056),(3524,'johndoe2@mail.com',3133,NULL,526052056),(3525,'432 S. Fourth Street',3124,NULL,634624091),(3526,'',3125,NULL,634624091),(3527,'Newport',3127,NULL,634624091),(3528,'PA',3128,NULL,634624091),(3529,'17074',3129,NULL,634624091),(3530,'',3130,NULL,634624091),(3531,'US',3131,NULL,634624091),(3532,'432 S. Fourth Street',3138,NULL,634624091),(3533,'',3139,NULL,634624091),(3534,'Newport',3141,NULL,634624091),(3535,'17074',3143,NULL,634624091),(3536,'',3144,NULL,634624091),(3537,'PA',3142,NULL,634624091),(3538,'US',3145,NULL,634624091),(3539,'John Doe 3',3136,NULL,634624091),(3540,'John Doe 3',3122,NULL,634624091),(3541,'5054506002',3132,NULL,634624091),(3542,'5054506002',3146,NULL,634624091),(3543,'johndoe3@mail.com',3147,NULL,634624091),(3544,'johndoe3@mail.com',3133,NULL,634624091),(3545,'PO Box 308',3124,NULL,-1954631911),(3546,'',3125,NULL,-1954631911),(3547,'Grantham',3127,NULL,-1954631911),(3548,'PA',3128,NULL,-1954631911),(3549,'17027',3129,NULL,-1954631911),(3550,'',3130,NULL,-1954631911),(3551,'US',3131,NULL,-1954631911),(3552,'PO Box 308',3138,NULL,-1954631911),(3553,'',3139,NULL,-1954631911),(3554,'Grantham',3141,NULL,-1954631911),(3555,'17027',3143,NULL,-1954631911),(3556,'',3144,NULL,-1954631911),(3557,'PA',3142,NULL,-1954631911),(3558,'US',3145,NULL,-1954631911),(3559,'John Doe 4',3136,NULL,-1954631911),(3560,'John Doe 4',3122,NULL,-1954631911),(3561,'5054506003',3132,NULL,-1954631911),(3562,'5054506003',3146,NULL,-1954631911),(3563,'johndoe4@mail.com',3147,NULL,-1954631911),(3564,'johndoe4@mail.com',3133,NULL,-1954631911),(3565,'1820 Shermans Valley Road',3124,NULL,-1219528992),(3566,'',3125,NULL,-1219528992),(3567,'Elliottsburg',3127,NULL,-1219528992),(3568,'PA',3128,NULL,-1219528992),(3569,'17024',3129,NULL,-1219528992),(3570,'9185',3130,NULL,-1219528992),(3571,'US',3131,NULL,-1219528992),(3572,'1820 Shermans Valley Road',3138,NULL,-1219528992),(3573,'',3139,NULL,-1219528992),(3574,'Elliottsburg',3141,NULL,-1219528992),(3575,'17024',3143,NULL,-1219528992),(3576,'9185',3144,NULL,-1219528992),(3577,'PA',3142,NULL,-1219528992),(3578,'US',3145,NULL,-1219528992),(3579,'John Doe 5',3136,NULL,-1219528992),(3580,'John Doe 5',3122,NULL,-1219528992),(3581,'5054506004',3132,NULL,-1219528992),(3582,'5054506004',3146,NULL,-1219528992),(3583,'johndoe5@mail.com',3147,NULL,-1219528992),(3584,'johndoe5@mail.com',3133,NULL,-1219528992),(3585,'3381 Pleasant Valley Road',3124,NULL,1990758071),(3586,'',3125,NULL,1990758071),(3587,'Elliotsburg',3127,NULL,1990758071),(3588,'PA',3128,NULL,1990758071),(3589,'17024',3129,NULL,1990758071),(3590,'',3130,NULL,1990758071),(3591,'US',3131,NULL,1990758071),(3592,'3381 Pleasant Valley Road',3138,NULL,1990758071),(3593,'',3139,NULL,1990758071),(3594,'Elliotsburg',3141,NULL,1990758071),(3595,'17024',3143,NULL,1990758071),(3596,'',3144,NULL,1990758071),(3597,'PA',3142,NULL,1990758071),(3598,'US',3145,NULL,1990758071),(3599,'John Doe 6',3136,NULL,1990758071),(3600,'John Doe 6',3122,NULL,1990758071),(3601,'5054506005',3132,NULL,1990758071),(3602,'5054506005',3146,NULL,1990758071),(3603,'johndoe6@mail.com',3147,NULL,1990758071),(3604,'johndoe6@mail.com',3133,NULL,1990758071),(3605,'213 Heather Dr.',3124,NULL,-1974235087),(3606,'',3125,NULL,-1974235087),(3607,'Harrisburg',3127,NULL,-1974235087),(3608,'PA',3128,NULL,-1974235087),(3609,'17112',3129,NULL,-1974235087),(3610,'',3130,NULL,-1974235087),(3611,'US',3131,NULL,-1974235087),(3612,'213 Heather Dr.',3138,NULL,-1974235087),(3613,'',3139,NULL,-1974235087),(3614,'Harrisburg',3141,NULL,-1974235087),(3615,'17112',3143,NULL,-1974235087),(3616,'',3144,NULL,-1974235087),(3617,'PA',3142,NULL,-1974235087),(3618,'US',3145,NULL,-1974235087),(3619,'John Doe 7',3136,NULL,-1974235087),(3620,'John Doe 7',3122,NULL,-1974235087),(3621,'5054506006',3132,NULL,-1974235087),(3622,'5054506006',3146,NULL,-1974235087),(3623,'johndoe7@mail.com',3147,NULL,-1974235087),(3624,'johndoe7@mail.com',3133,NULL,-1974235087),(3625,'6290 Spring Knoll Dr.',3124,NULL,1158888869),(3626,'',3125,NULL,1158888869),(3627,'Harrisburg',3127,NULL,1158888869),(3628,'PA',3128,NULL,1158888869),(3629,'17111',3129,NULL,1158888869),(3630,'',3130,NULL,1158888869),(3631,'US',3131,NULL,1158888869),(3632,'6290 Spring Knoll Dr.',3138,NULL,1158888869),(3633,'',3139,NULL,1158888869),(3634,'Harrisburg',3141,NULL,1158888869),(3635,'17111',3143,NULL,1158888869),(3636,'',3144,NULL,1158888869),(3637,'PA',3142,NULL,1158888869),(3638,'US',3145,NULL,1158888869),(3639,'John Doe 8',3136,NULL,1158888869),(3640,'John Doe 8',3122,NULL,1158888869),(3641,'5054506007',3132,NULL,1158888869),(3642,'5054506007',3146,NULL,1158888869),(3643,'johndoe8@mail.com',3147,NULL,1158888869),(3644,'johndoe8@mail.com',3133,NULL,1158888869),(3645,'187 Foxbury Drive',3124,NULL,171491775),(3646,'',3125,NULL,171491775),(3647,'Elizabethtown',3127,NULL,171491775),(3648,'PA',3128,NULL,171491775),(3649,'17022',3129,NULL,171491775),(3650,'',3130,NULL,171491775),(3651,'US',3131,NULL,171491775),(3652,'187 Foxbury Drive',3138,NULL,171491775),(3653,'',3139,NULL,171491775),(3654,'Elizabethtown',3141,NULL,171491775),(3655,'17022',3143,NULL,171491775),(3656,'',3144,NULL,171491775),(3657,'PA',3142,NULL,171491775),(3658,'US',3145,NULL,171491775),(3659,'John Doe 9',3136,NULL,171491775),(3660,'John Doe 9',3122,NULL,171491775),(3661,'5054506008',3132,NULL,171491775),(3662,'5054506008',3146,NULL,171491775),(3663,'johndoe9@mail.com',3147,NULL,171491775),(3664,'johndoe9@mail.com',3133,NULL,171491775),(3665,'668 Tr. Rd. N',3124,NULL,479579008),(3666,'',3125,NULL,479579008),(3667,'Elizabethtown',3127,NULL,479579008),(3668,'PA',3128,NULL,479579008),(3669,'17022',3129,NULL,479579008),(3670,'',3130,NULL,479579008),(3671,'US',3131,NULL,479579008),(3672,'668 Tr. Rd. N',3138,NULL,479579008),(3673,'',3139,NULL,479579008),(3674,'Elizabethtown',3141,NULL,479579008),(3675,'17022',3143,NULL,479579008),(3676,'',3144,NULL,479579008),(3677,'PA',3142,NULL,479579008),(3678,'US',3145,NULL,479579008),(3679,'John Doe 10',3136,NULL,479579008),(3680,'John Doe 10',3122,NULL,479579008),(3681,'5054506009',3132,NULL,479579008),(3682,'5054506009',3146,NULL,479579008),(3683,'johndoe10@mail.com',3147,NULL,479579008),(3684,'johndoe10@mail.com',3133,NULL,479579008),(3685,'141 Watercress Lane',3124,NULL,-1361167936),(3686,'',3125,NULL,-1361167936),(3687,'Elizabethtown',3127,NULL,-1361167936),(3688,'PA',3128,NULL,-1361167936),(3689,'17022',3129,NULL,-1361167936),(3690,'',3130,NULL,-1361167936),(3691,'US',3131,NULL,-1361167936),(3692,'141 Watercress Lane',3138,NULL,-1361167936),(3693,'',3139,NULL,-1361167936),(3694,'Elizabethtown',3141,NULL,-1361167936),(3695,'17022',3143,NULL,-1361167936),(3696,'',3144,NULL,-1361167936),(3697,'PA',3142,NULL,-1361167936),(3698,'US',3145,NULL,-1361167936),(3699,'John Doe 11',3136,NULL,-1361167936),(3700,'John Doe 11',3122,NULL,-1361167936),(3701,'5054506010',3132,NULL,-1361167936),(3702,'5054506010',3146,NULL,-1361167936),(3703,'johndoe11@mail.com',3147,NULL,-1361167936),(3704,'johndoe11@mail.com',3133,NULL,-1361167936),(3705,'357 Sunrise Boulevard',3124,NULL,-1989496639),(3706,'',3125,NULL,-1989496639),(3707,'Elizabethtown',3127,NULL,-1989496639),(3708,'PA',3128,NULL,-1989496639),(3709,'17022',3129,NULL,-1989496639),(3710,'',3130,NULL,-1989496639),(3711,'US',3131,NULL,-1989496639),(3712,'357 Sunrise Boulevard',3138,NULL,-1989496639),(3713,'',3139,NULL,-1989496639),(3714,'Elizabethtown',3141,NULL,-1989496639),(3715,'17022',3143,NULL,-1989496639),(3716,'',3144,NULL,-1989496639),(3717,'PA',3142,NULL,-1989496639),(3718,'US',3145,NULL,-1989496639),(3719,'John Doe 12',3136,NULL,-1989496639),(3720,'John Doe 12',3122,NULL,-1989496639),(3721,'5054506011',3132,NULL,-1989496639),(3722,'5054506011',3146,NULL,-1989496639),(3723,'johndoe12@mail.com',3147,NULL,-1989496639),(3724,'johndoe12@mail.com',3133,NULL,-1989496639),(3725,'235 N. 2nd St.',3124,NULL,1241462791),(3726,'',3125,NULL,1241462791),(3727,'New Freedom',3127,NULL,1241462791),(3728,'PA',3128,NULL,1241462791),(3729,'17349',3129,NULL,1241462791),(3730,'9339',3130,NULL,1241462791),(3731,'US',3131,NULL,1241462791),(3732,'235 N. 2nd St.',3138,NULL,1241462791),(3733,'',3139,NULL,1241462791),(3734,'New Freedom',3141,NULL,1241462791),(3735,'17349',3143,NULL,1241462791),(3736,'9339',3144,NULL,1241462791),(3737,'PA',3142,NULL,1241462791),(3738,'US',3145,NULL,1241462791),(3739,'John Doe 13',3136,NULL,1241462791),(3740,'John Doe 13',3122,NULL,1241462791),(3741,'5054506012',3132,NULL,1241462791),(3742,'5054506012',3146,NULL,1241462791),(3743,'johndoe13@mail.com',3147,NULL,1241462791),(3744,'johndoe13@mail.com',3133,NULL,1241462791),(3745,'822 Rishing Creed Rd.',3124,NULL,-144113058),(3746,'',3125,NULL,-144113058),(3747,'New Cumberland',3127,NULL,-144113058),(3748,'PA',3128,NULL,-144113058),(3749,'17070',3129,NULL,-144113058),(3750,'',3130,NULL,-144113058),(3751,'US',3131,NULL,-144113058),(3752,'822 Rishing Creed Rd.',3138,NULL,-144113058),(3753,'',3139,NULL,-144113058),(3754,'New Cumberland',3141,NULL,-144113058),(3755,'17070',3143,NULL,-144113058),(3756,'',3144,NULL,-144113058),(3757,'PA',3142,NULL,-144113058),(3758,'US',3145,NULL,-144113058),(3759,'John Doe 14',3136,NULL,-144113058),(3760,'John Doe 14',3122,NULL,-144113058),(3761,'5054506013',3132,NULL,-144113058),(3762,'5054506013',3146,NULL,-144113058),(3763,'johndoe14@mail.com',3147,NULL,-144113058),(3764,'johndoe14@mail.com',3133,NULL,-144113058),(3765,'40 Kerry Ct.',3124,NULL,-516237566),(3766,'',3125,NULL,-516237566),(3767,'Mechanicsburg',3127,NULL,-516237566),(3768,'PA',3128,NULL,-516237566),(3769,'17050',3129,NULL,-516237566),(3770,'',3130,NULL,-516237566),(3771,'US',3131,NULL,-516237566),(3772,'40 Kerry Ct.',3138,NULL,-516237566),(3773,'',3139,NULL,-516237566),(3774,'Mechanicsburg',3141,NULL,-516237566),(3775,'17050',3143,NULL,-516237566),(3776,'',3144,NULL,-516237566),(3777,'PA',3142,NULL,-516237566),(3778,'US',3145,NULL,-516237566),(3779,'John Doe 15',3136,NULL,-516237566),(3780,'John Doe 15',3122,NULL,-516237566),(3781,'5054506014',3132,NULL,-516237566),(3782,'5054506014',3146,NULL,-516237566),(3783,'johndoe15@mail.com',3147,NULL,-516237566),(3784,'johndoe15@mail.com',3133,NULL,-516237566),(3785,'1071 Lancaster Blvd, Apt #12',3124,NULL,-1695990259),(3786,'',3125,NULL,-1695990259),(3787,'Mechanicsburg',3127,NULL,-1695990259),(3788,'PA',3128,NULL,-1695990259),(3789,'17050',3129,NULL,-1695990259),(3790,'',3130,NULL,-1695990259),(3791,'US',3131,NULL,-1695990259),(3792,'1071 Lancaster Blvd, Apt #12',3138,NULL,-1695990259),(3793,'',3139,NULL,-1695990259),(3794,'Mechanicsburg',3141,NULL,-1695990259),(3795,'17050',3143,NULL,-1695990259),(3796,'',3144,NULL,-1695990259),(3797,'PA',3142,NULL,-1695990259),(3798,'US',3145,NULL,-1695990259),(3799,'John Doe 16',3136,NULL,-1695990259),(3800,'John Doe 16',3122,NULL,-1695990259),(3801,'5054506015',3132,NULL,-1695990259),(3802,'5054506015',3146,NULL,-1695990259),(3803,'johndoe16@mail.com',3147,NULL,-1695990259),(3804,'johndoe16@mail.com',3133,NULL,-1695990259),(3805,'3381 Pleasant Valley Road',3124,NULL,1461655942),(3806,'',3125,NULL,1461655942),(3807,'Elliotsburg',3127,NULL,1461655942),(3808,'PA',3128,NULL,1461655942),(3809,'17024',3129,NULL,1461655942),(3810,'',3130,NULL,1461655942),(3811,'US',3131,NULL,1461655942),(3812,'3381 Pleasant Valley Road',3138,NULL,1461655942),(3813,'',3139,NULL,1461655942),(3814,'Elliotsburg',3141,NULL,1461655942),(3815,'17024',3143,NULL,1461655942),(3816,'',3144,NULL,1461655942),(3817,'PA',3142,NULL,1461655942),(3818,'US',3145,NULL,1461655942),(3819,'John Doe 17',3136,NULL,1461655942),(3820,'John Doe 17',3122,NULL,1461655942),(3821,'5054506016',3132,NULL,1461655942),(3822,'5054506016',3146,NULL,1461655942),(3823,'johndoe17@mail.com',3147,NULL,1461655942),(3824,'johndoe17@mail.com',3133,NULL,1461655942),(3825,'403 Juniper St.',3124,NULL,-770669623),(3826,'',3125,NULL,-770669623),(3827,'Carlisle',3127,NULL,-770669623),(3828,'PA',3128,NULL,-770669623),(3829,'17013',3129,NULL,-770669623),(3830,'9801',3130,NULL,-770669623),(3831,'US',3131,NULL,-770669623),(3832,'403 Juniper St.',3138,NULL,-770669623),(3833,'',3139,NULL,-770669623),(3834,'Carlisle',3141,NULL,-770669623),(3835,'17013',3143,NULL,-770669623),(3836,'9801',3144,NULL,-770669623),(3837,'PA',3142,NULL,-770669623),(3838,'US',3145,NULL,-770669623),(3839,'John Doe 18',3136,NULL,-770669623),(3840,'John Doe 18',3122,NULL,-770669623),(3841,'5054506017',3132,NULL,-770669623),(3842,'5054506017',3146,NULL,-770669623),(3843,'johndoe18@mail.com',3147,NULL,-770669623),(3844,'johndoe18@mail.com',3133,NULL,-770669623),(3845,'7292 Veterans Way',3124,NULL,803264206),(3846,'',3125,NULL,803264206),(3847,'Ickesburg',3127,NULL,803264206),(3848,'PA',3128,NULL,803264206),(3849,'17037',3129,NULL,803264206),(3850,'',3130,NULL,803264206),(3851,'US',3131,NULL,803264206),(3852,'7292 Veterans Way',3138,NULL,803264206),(3853,'',3139,NULL,803264206),(3854,'Ickesburg',3141,NULL,803264206),(3855,'17037',3143,NULL,803264206),(3856,'',3144,NULL,803264206),(3857,'PA',3142,NULL,803264206),(3858,'US',3145,NULL,803264206),(3859,'John Doe 19',3136,NULL,803264206),(3860,'John Doe 19',3122,NULL,803264206),(3861,'5054506018',3132,NULL,803264206),(3862,'5054506018',3146,NULL,803264206),(3863,'johndoe19@mail.com',3147,NULL,803264206),(3864,'johndoe19@mail.com',3133,NULL,803264206),(3865,'1037 Susquehannack Drive',3124,NULL,1911192315),(3866,'',3125,NULL,1911192315),(3867,'Holtwood',3127,NULL,1911192315),(3868,'PA',3128,NULL,1911192315),(3869,'17352',3129,NULL,1911192315),(3870,'',3130,NULL,1911192315),(3871,'US',3131,NULL,1911192315),(3872,'1037 Susquehannack Drive',3138,NULL,1911192315),(3873,'',3139,NULL,1911192315),(3874,'Holtwood',3141,NULL,1911192315),(3875,'17352',3143,NULL,1911192315),(3876,'',3144,NULL,1911192315),(3877,'PA',3142,NULL,1911192315),(3878,'US',3145,NULL,1911192315),(3879,'John Doe 20',3136,NULL,1911192315),(3880,'John Doe 20',3122,NULL,1911192315),(3881,'5054506019',3132,NULL,1911192315),(3882,'5054506019',3146,NULL,1911192315),(3883,'johndoe20@mail.com',3147,NULL,1911192315),(3884,'johndoe20@mail.com',3133,NULL,1911192315),(3885,'1473 Montiano Loop SE',3124,NULL,89375235),(3886,'',3125,NULL,89375235),(3887,'Rio Rancho',3127,NULL,89375235),(3888,'NM',3128,NULL,89375235),(3889,'87124',3129,NULL,89375235),(3890,'8769',3130,NULL,89375235),(3891,'US',3131,NULL,89375235),(3892,'1473 Montiano Loop SE',3138,NULL,89375235),(3893,'',3139,NULL,89375235),(3894,'Rio Rancho',3141,NULL,89375235),(3895,'87124',3143,NULL,89375235),(3896,'8769',3144,NULL,89375235),(3897,'NM',3142,NULL,89375235),(3898,'US',3145,NULL,89375235),(3899,'John Doe 21',3136,NULL,89375235),(3900,'John Doe 21',3122,NULL,89375235),(3901,'5054506020',3132,NULL,89375235),(3902,'5054506020',3146,NULL,89375235),(3903,'johndoe21@mail.com',3147,NULL,89375235),(3904,'johndoe21@mail.com',3133,NULL,89375235),(3905,'694 Lakeview Circle SE',3124,NULL,766496911),(3906,'',3125,NULL,766496911),(3907,'Rio Rancho',3127,NULL,766496911),(3908,'NM',3128,NULL,766496911),(3909,'87124',3129,NULL,766496911),(3910,'',3130,NULL,766496911),(3911,'US',3131,NULL,766496911),(3912,'694 Lakeview Circle SE',3138,NULL,766496911),(3913,'',3139,NULL,766496911),(3914,'Rio Rancho',3141,NULL,766496911),(3915,'87124',3143,NULL,766496911),(3916,'',3144,NULL,766496911),(3917,'NM',3142,NULL,766496911),(3918,'US',3145,NULL,766496911),(3919,'John Doe 22',3136,NULL,766496911),(3920,'John Doe 22',3122,NULL,766496911),(3921,'5054506021',3132,NULL,766496911),(3922,'5054506021',3146,NULL,766496911),(3923,'johndoe22@mail.com',3147,NULL,766496911),(3924,'johndoe22@mail.com',3133,NULL,766496911),(3925,'405 San Juan De Rio Dr. SE',3124,NULL,-594792608),(3926,'',3125,NULL,-594792608),(3927,'Rio Rancho',3127,NULL,-594792608),(3928,'NM',3128,NULL,-594792608),(3929,'87124',3129,NULL,-594792608),(3930,'1191',3130,NULL,-594792608),(3931,'US',3131,NULL,-594792608),(3932,'405 San Juan De Rio Dr. SE',3138,NULL,-594792608),(3933,'',3139,NULL,-594792608),(3934,'Rio Rancho',3141,NULL,-594792608),(3935,'87124',3143,NULL,-594792608),(3936,'1191',3144,NULL,-594792608),(3937,'NM',3142,NULL,-594792608),(3938,'US',3145,NULL,-594792608),(3939,'John Doe 23',3136,NULL,-594792608),(3940,'John Doe 23',3122,NULL,-594792608),(3941,'5054506022',3132,NULL,-594792608),(3942,'5054506022',3146,NULL,-594792608),(3943,'johndoe23@mail.com',3147,NULL,-594792608),(3944,'johndoe23@mail.com',3133,NULL,-594792608),(3945,'536 Longwood Loop NE',3124,NULL,247194233),(3946,'',3125,NULL,247194233),(3947,'Rio Rancho',3127,NULL,247194233),(3948,'NM',3128,NULL,247194233),(3949,'87124',3129,NULL,247194233),(3950,'',3130,NULL,247194233),(3951,'US',3131,NULL,247194233),(3952,'536 Longwood Loop NE',3138,NULL,247194233),(3953,'',3139,NULL,247194233),(3954,'Rio Rancho',3141,NULL,247194233),(3955,'87124',3143,NULL,247194233),(3956,'',3144,NULL,247194233),(3957,'NM',3142,NULL,247194233),(3958,'US',3145,NULL,247194233),(3959,'John Doe 24',3136,NULL,247194233),(3960,'John Doe 24',3122,NULL,247194233),(3961,'5054506023',3132,NULL,247194233),(3962,'5054506023',3146,NULL,247194233),(3963,'johndoe24@mail.com',3147,NULL,247194233),(3964,'johndoe24@mail.com',3133,NULL,247194233),(3965,'2010 Twisted Juniper Rd SE',3124,NULL,-213493326),(3966,'',3125,NULL,-213493326),(3967,'Rio Rancho',3127,NULL,-213493326),(3968,'NM',3128,NULL,-213493326),(3969,'87124',3129,NULL,-213493326),(3970,'2453',3130,NULL,-213493326),(3971,'US',3131,NULL,-213493326),(3972,'2010 Twisted Juniper Rd SE',3138,NULL,-213493326),(3973,'',3139,NULL,-213493326),(3974,'Rio Rancho',3141,NULL,-213493326),(3975,'87124',3143,NULL,-213493326),(3976,'2453',3144,NULL,-213493326),(3977,'NM',3142,NULL,-213493326),(3978,'US',3145,NULL,-213493326),(3979,'John Doe 25',3136,NULL,-213493326),(3980,'John Doe 25',3122,NULL,-213493326),(3981,'5054506024',3132,NULL,-213493326),(3982,'5054506024',3146,NULL,-213493326),(3983,'johndoe25@mail.com',3147,NULL,-213493326),(3984,'johndoe25@mail.com',3133,NULL,-213493326),(3985,'1380 Rio Rancho Dr SE # 295 ',3124,NULL,-1584779374),(3986,'',3125,NULL,-1584779374),(3987,'Rio Rancho',3127,NULL,-1584779374),(3988,'NM',3128,NULL,-1584779374),(3989,'87124',3129,NULL,-1584779374),(3990,'1006',3130,NULL,-1584779374),(3991,'US',3131,NULL,-1584779374),(3992,'1380 Rio Rancho Dr SE # 295 ',3138,NULL,-1584779374),(3993,'',3139,NULL,-1584779374),(3994,'Rio Rancho',3141,NULL,-1584779374),(3995,'87124',3143,NULL,-1584779374),(3996,'1006',3144,NULL,-1584779374),(3997,'NM',3142,NULL,-1584779374),(3998,'US',3145,NULL,-1584779374),(3999,'John Doe 26',3136,NULL,-1584779374),(4000,'John Doe 26',3122,NULL,-1584779374),(4001,'5054506025',3132,NULL,-1584779374),(4002,'5054506025',3146,NULL,-1584779374),(4003,'johndoe26@mail.com',3147,NULL,-1584779374),(4004,'johndoe26@mail.com',3133,NULL,-1584779374),(4005,'313 Perfecto Lopez Rd.',3124,NULL,579572162),(4006,'',3125,NULL,579572162),(4007,'Corrales',3127,NULL,579572162),(4008,'NM',3128,NULL,579572162),(4009,'87048',3129,NULL,579572162),(4010,'5109',3130,NULL,579572162),(4011,'US',3131,NULL,579572162),(4012,'313 Perfecto Lopez Rd.',3138,NULL,579572162),(4013,'',3139,NULL,579572162),(4014,'Corrales',3141,NULL,579572162),(4015,'87048',3143,NULL,579572162),(4016,'5109',3144,NULL,579572162),(4017,'NM',3142,NULL,579572162),(4018,'US',3145,NULL,579572162),(4019,'John Doe 27',3136,NULL,579572162),(4020,'John Doe 27',3122,NULL,579572162),(4021,'5054506026',3132,NULL,579572162),(4022,'5054506026',3146,NULL,579572162),(4023,'johndoe27@mail.com',3147,NULL,579572162),(4024,'johndoe27@mail.com',3133,NULL,579572162),(4025,'Box 1095, 405 Sunset Blvd',3124,NULL,-897543888),(4026,'',3125,NULL,-897543888),(4027,'Cloudcroft',3127,NULL,-897543888),(4028,'NM',3128,NULL,-897543888),(4029,'88317',3129,NULL,-897543888),(4030,'1095',3130,NULL,-897543888),(4031,'US',3131,NULL,-897543888),(4032,'Box 1095, 405 Sunset Blvd',3138,NULL,-897543888),(4033,'',3139,NULL,-897543888),(4034,'Cloudcroft',3141,NULL,-897543888),(4035,'88317',3143,NULL,-897543888),(4036,'1095',3144,NULL,-897543888),(4037,'NM',3142,NULL,-897543888),(4038,'US',3145,NULL,-897543888),(4039,'John Doe 28',3136,NULL,-897543888),(4040,'John Doe 28',3122,NULL,-897543888),(4041,'5054506027',3132,NULL,-897543888),(4042,'5054506027',3146,NULL,-897543888),(4043,'johndoe28@mail.com',3147,NULL,-897543888),(4044,'johndoe28@mail.com',3133,NULL,-897543888),(4045,'14200 Arcadia Rd NE',3124,NULL,-1437371854),(4046,'',3125,NULL,-1437371854),(4047,'Albuquerque',3127,NULL,-1437371854),(4048,'NM',3128,NULL,-1437371854),(4049,'87123',3129,NULL,-1437371854),(4050,'2433',3130,NULL,-1437371854),(4051,'US',3131,NULL,-1437371854),(4052,'14200 Arcadia Rd NE',3138,NULL,-1437371854),(4053,'',3139,NULL,-1437371854),(4054,'Albuquerque',3141,NULL,-1437371854),(4055,'87123',3143,NULL,-1437371854),(4056,'2433',3144,NULL,-1437371854),(4057,'NM',3142,NULL,-1437371854),(4058,'US',3145,NULL,-1437371854),(4059,'John Doe 29',3136,NULL,-1437371854),(4060,'John Doe 29',3122,NULL,-1437371854),(4061,'5054506028',3132,NULL,-1437371854),(4062,'5054506028',3146,NULL,-1437371854),(4063,'johndoe29@mail.com',3147,NULL,-1437371854),(4064,'johndoe29@mail.com',3133,NULL,-1437371854),(4065,'6108 Cuesta Place NW',3124,NULL,-1536426575),(4066,'',3125,NULL,-1536426575),(4067,'Albuquerque',3127,NULL,-1536426575),(4068,'NM',3128,NULL,-1536426575),(4069,'87120',3129,NULL,-1536426575),(4070,'2215',3130,NULL,-1536426575),(4071,'US',3131,NULL,-1536426575),(4072,'6108 Cuesta Place NW',3138,NULL,-1536426575),(4073,'',3139,NULL,-1536426575),(4074,'Albuquerque',3141,NULL,-1536426575),(4075,'87120',3143,NULL,-1536426575),(4076,'2215',3144,NULL,-1536426575),(4077,'NM',3142,NULL,-1536426575),(4078,'US',3145,NULL,-1536426575),(4079,'John Doe 30',3136,NULL,-1536426575),(4080,'John Doe 30',3122,NULL,-1536426575),(4081,'5054506029',3132,NULL,-1536426575),(4082,'5054506029',3146,NULL,-1536426575),(4083,'johndoe30@mail.com',3147,NULL,-1536426575),(4084,'johndoe30@mail.com',3133,NULL,-1536426575),(4085,'10014 2nd Street NW #10',3124,NULL,-765619287),(4086,'',3125,NULL,-765619287),(4087,'Albuquerque',3127,NULL,-765619287),(4088,'NM',3128,NULL,-765619287),(4089,'87114',3129,NULL,-765619287),(4090,'2247',3130,NULL,-765619287),(4091,'US',3131,NULL,-765619287),(4092,'10014 2nd Street NW #10',3138,NULL,-765619287),(4093,'',3139,NULL,-765619287),(4094,'Albuquerque',3141,NULL,-765619287),(4095,'87114',3143,NULL,-765619287),(4096,'2247',3144,NULL,-765619287),(4097,'NM',3142,NULL,-765619287),(4098,'US',3145,NULL,-765619287),(4099,'John Doe 31',3136,NULL,-765619287),(4100,'John Doe 31',3122,NULL,-765619287),(4101,'5054506030',3132,NULL,-765619287),(4102,'5054506030',3146,NULL,-765619287),(4103,'johndoe31@mail.com',3147,NULL,-765619287),(4104,'johndoe31@mail.com',3133,NULL,-765619287),(4105,'804 Loma Vista Dr. NE',3124,NULL,-1218198137),(4106,'',3125,NULL,-1218198137),(4107,'Albuquerque',3127,NULL,-1218198137),(4108,'NM',3128,NULL,-1218198137),(4109,'87106',3129,NULL,-1218198137),(4110,'1930',3130,NULL,-1218198137),(4111,'US',3131,NULL,-1218198137),(4112,'804 Loma Vista Dr. NE',3138,NULL,-1218198137),(4113,'',3139,NULL,-1218198137),(4114,'Albuquerque',3141,NULL,-1218198137),(4115,'87106',3143,NULL,-1218198137),(4116,'1930',3144,NULL,-1218198137),(4117,'NM',3142,NULL,-1218198137),(4118,'US',3145,NULL,-1218198137),(4119,'John Doe 32',3136,NULL,-1218198137),(4120,'John Doe 32',3122,NULL,-1218198137),(4121,'5054506031',3132,NULL,-1218198137),(4122,'5054506031',3146,NULL,-1218198137),(4123,'johndoe32@mail.com',3147,NULL,-1218198137),(4124,'johndoe32@mail.com',3133,NULL,-1218198137),(4125,'5319 Fossil Ridge PL NW',3124,NULL,1450049055),(4126,'',3125,NULL,1450049055),(4127,'Albuquerque',3127,NULL,1450049055),(4128,'NM',3128,NULL,1450049055),(4129,'87114',3129,NULL,1450049055),(4130,'3997',3130,NULL,1450049055),(4131,'US',3131,NULL,1450049055),(4132,'5319 Fossil Ridge PL NW',3138,NULL,1450049055),(4133,'',3139,NULL,1450049055),(4134,'Albuquerque',3141,NULL,1450049055),(4135,'87114',3143,NULL,1450049055),(4136,'3997',3144,NULL,1450049055),(4137,'NM',3142,NULL,1450049055),(4138,'US',3145,NULL,1450049055),(4139,'John Doe 33',3136,NULL,1450049055),(4140,'John Doe 33',3122,NULL,1450049055),(4141,'5054506032',3132,NULL,1450049055),(4142,'5054506032',3146,NULL,1450049055),(4143,'johndoe33@mail.com',3147,NULL,1450049055),(4144,'johndoe33@mail.com',3133,NULL,1450049055),(4145,'4101 Meadowloark Ln SE #22',3124,NULL,-1769146333),(4146,'',3125,NULL,-1769146333),(4147,'Rio Rancho',3127,NULL,-1769146333),(4148,'NM',3128,NULL,-1769146333),(4149,'87124',3129,NULL,-1769146333),(4150,'',3130,NULL,-1769146333),(4151,'US',3131,NULL,-1769146333),(4152,'4101 Meadowloark Ln SE #22',3138,NULL,-1769146333),(4153,'',3139,NULL,-1769146333),(4154,'Rio Rancho',3141,NULL,-1769146333),(4155,'87124',3143,NULL,-1769146333),(4156,'',3144,NULL,-1769146333),(4157,'NM',3142,NULL,-1769146333),(4158,'US',3145,NULL,-1769146333),(4159,'John Doe 34',3136,NULL,-1769146333),(4160,'John Doe 34',3122,NULL,-1769146333),(4161,'5054506033',3132,NULL,-1769146333),(4162,'5054506033',3146,NULL,-1769146333),(4163,'johndoe34@mail.com',3147,NULL,-1769146333),(4164,'johndoe34@mail.com',3133,NULL,-1769146333),(4165,'808 El Olmo Sourt SE',3124,NULL,556327162),(4166,'',3125,NULL,556327162),(4167,'Rio Rancho',3127,NULL,556327162),(4168,'NM',3128,NULL,556327162),(4169,'87124',3129,NULL,556327162),(4170,'1215',3130,NULL,556327162),(4171,'US',3131,NULL,556327162),(4172,'808 El Olmo Sourt SE',3138,NULL,556327162),(4173,'',3139,NULL,556327162),(4174,'Rio Rancho',3141,NULL,556327162),(4175,'87124',3143,NULL,556327162),(4176,'1215',3144,NULL,556327162),(4177,'NM',3142,NULL,556327162),(4178,'US',3145,NULL,556327162),(4179,'John Doe 35',3136,NULL,556327162),(4180,'John Doe 35',3122,NULL,556327162),(4181,'5054506034',3132,NULL,556327162),(4182,'5054506034',3146,NULL,556327162),(4183,'johndoe35@mail.com',3147,NULL,556327162),(4184,'johndoe35@mail.com',3133,NULL,556327162),(4185,'53 Nottingham Rd.',3124,NULL,-845488877),(4186,'',3125,NULL,-845488877),(4187,'Springfield',3127,NULL,-845488877),(4188,'IL',3128,NULL,-845488877),(4189,'62704',3129,NULL,-845488877),(4190,'5328',3130,NULL,-845488877),(4191,'US',3131,NULL,-845488877),(4192,'53 Nottingham Rd.',3138,NULL,-845488877),(4193,'',3139,NULL,-845488877),(4194,'Springfield',3141,NULL,-845488877),(4195,'62704',3143,NULL,-845488877),(4196,'5328',3144,NULL,-845488877),(4197,'IL',3142,NULL,-845488877),(4198,'US',3145,NULL,-845488877),(4199,'John Doe 36',3136,NULL,-845488877),(4200,'John Doe 36',3122,NULL,-845488877),(4201,'5054506035',3132,NULL,-845488877),(4202,'5054506035',3146,NULL,-845488877),(4203,'johndoe36@mail.com',3147,NULL,-845488877),(4204,'johndoe36@mail.com',3133,NULL,-845488877),(4205,'2312 S. 7th St.',3124,NULL,-1175630979),(4206,'',3125,NULL,-1175630979),(4207,'Springfield',3127,NULL,-1175630979),(4208,'IL',3128,NULL,-1175630979),(4209,'62703',3129,NULL,-1175630979),(4210,'',3130,NULL,-1175630979),(4211,'US',3131,NULL,-1175630979),(4212,'2312 S. 7th St.',3138,NULL,-1175630979),(4213,'',3139,NULL,-1175630979),(4214,'Springfield',3141,NULL,-1175630979),(4215,'62703',3143,NULL,-1175630979),(4216,'',3144,NULL,-1175630979),(4217,'IL',3142,NULL,-1175630979),(4218,'US',3145,NULL,-1175630979),(4219,'John Doe 37',3136,NULL,-1175630979),(4220,'John Doe 37',3122,NULL,-1175630979),(4221,'5054506036',3132,NULL,-1175630979),(4222,'5054506036',3146,NULL,-1175630979),(4223,'johndoe37@mail.com',3147,NULL,-1175630979),(4224,'johndoe37@mail.com',3133,NULL,-1175630979),(4225,'808 S. English Ave',3124,NULL,1926123965),(4226,'Apt B',3125,NULL,1926123965),(4227,'Springfield',3127,NULL,1926123965),(4228,'IL',3128,NULL,1926123965),(4229,'62704',3129,NULL,1926123965),(4230,'2487',3130,NULL,1926123965),(4231,'US',3131,NULL,1926123965),(4232,'808 S. English Ave',3138,NULL,1926123965),(4233,'Apt B',3139,NULL,1926123965),(4234,'Springfield',3141,NULL,1926123965),(4235,'62704',3143,NULL,1926123965),(4236,'2487',3144,NULL,1926123965),(4237,'IL',3142,NULL,1926123965),(4238,'US',3145,NULL,1926123965),(4239,'John Doe 38',3136,NULL,1926123965),(4240,'John Doe 38',3122,NULL,1926123965),(4241,'5054506037',3132,NULL,1926123965),(4242,'5054506037',3146,NULL,1926123965),(4243,'johndoe38@mail.com',3147,NULL,1926123965),(4244,'johndoe38@mail.com',3133,NULL,1926123965),(4245,'111 N. Mulberry St.',3124,NULL,-832546182),(4246,'',3125,NULL,-832546182),(4247,'Effingham',3127,NULL,-832546182),(4248,'IL',3128,NULL,-832546182),(4249,'62401',3129,NULL,-832546182),(4250,'',3130,NULL,-832546182),(4251,'US',3131,NULL,-832546182),(4252,'111 N. Mulberry St.',3138,NULL,-832546182),(4253,'',3139,NULL,-832546182),(4254,'Effingham',3141,NULL,-832546182),(4255,'62401',3143,NULL,-832546182),(4256,'',3144,NULL,-832546182),(4257,'IL',3142,NULL,-832546182),(4258,'US',3145,NULL,-832546182),(4259,'John Doe 39',3136,NULL,-832546182),(4260,'John Doe 39',3122,NULL,-832546182),(4261,'5054506038',3132,NULL,-832546182),(4262,'5054506038',3146,NULL,-832546182),(4263,'johndoe39@mail.com',3147,NULL,-832546182),(4264,'johndoe39@mail.com',3133,NULL,-832546182),(4265,'702 S. McKinley Ave.',3124,NULL,2105548827),(4266,'',3125,NULL,2105548827),(4267,'Champaign',3127,NULL,2105548827),(4268,'IL',3128,NULL,2105548827),(4269,'61821',3129,NULL,2105548827),(4270,'4512',3130,NULL,2105548827),(4271,'US',3131,NULL,2105548827),(4272,'702 S. McKinley Ave.',3138,NULL,2105548827),(4273,'',3139,NULL,2105548827),(4274,'Champaign',3141,NULL,2105548827),(4275,'61821',3143,NULL,2105548827),(4276,'4512',3144,NULL,2105548827),(4277,'IL',3142,NULL,2105548827),(4278,'US',3145,NULL,2105548827),(4279,'John Doe 40',3136,NULL,2105548827),(4280,'John Doe 40',3122,NULL,2105548827),(4281,'5054506039',3132,NULL,2105548827),(4282,'5054506039',3146,NULL,2105548827),(4283,'johndoe40@mail.com',3147,NULL,2105548827),(4284,'johndoe40@mail.com',3133,NULL,2105548827),(4285,'4103 W. Kirby Ave.',3124,NULL,-1100195469),(4286,'',3125,NULL,-1100195469),(4287,'Champaign',3127,NULL,-1100195469),(4288,'IL',3128,NULL,-1100195469),(4289,'61822',3129,NULL,-1100195469),(4290,'9737',3130,NULL,-1100195469),(4291,'US',3131,NULL,-1100195469),(4292,'4103 W. Kirby Ave.',3138,NULL,-1100195469),(4293,'',3139,NULL,-1100195469),(4294,'Champaign',3141,NULL,-1100195469),(4295,'61822',3143,NULL,-1100195469),(4296,'9737',3144,NULL,-1100195469),(4297,'IL',3142,NULL,-1100195469),(4298,'US',3145,NULL,-1100195469),(4299,'John Doe 41',3136,NULL,-1100195469),(4300,'John Doe 41',3122,NULL,-1100195469),(4301,'5054506040',3132,NULL,-1100195469),(4302,'5054506040',3146,NULL,-1100195469),(4303,'johndoe41@mail.com',3147,NULL,-1100195469),(4304,'johndoe41@mail.com',3133,NULL,-1100195469),(4305,'27 Westminster Drive',3124,NULL,1031405408),(4306,'',3125,NULL,1031405408),(4307,'Lincoln',3127,NULL,1031405408),(4308,'IL',3128,NULL,1031405408),(4309,'62656',3129,NULL,1031405408),(4310,'',3130,NULL,1031405408),(4311,'US',3131,NULL,1031405408),(4312,'27 Westminster Drive',3138,NULL,1031405408),(4313,'',3139,NULL,1031405408),(4314,'Lincoln',3141,NULL,1031405408),(4315,'62656',3143,NULL,1031405408),(4316,'',3144,NULL,1031405408),(4317,'IL',3142,NULL,1031405408),(4318,'US',3145,NULL,1031405408),(4319,'John Doe 42',3136,NULL,1031405408),(4320,'John Doe 42',3122,NULL,1031405408),(4321,'5054506041',3132,NULL,1031405408),(4322,'5054506041',3146,NULL,1031405408),(4323,'johndoe42@mail.com',3147,NULL,1031405408),(4324,'johndoe42@mail.com',3133,NULL,1031405408),(4325,'7937 Warner Rd.',3124,NULL,-197675427),(4326,'',3125,NULL,-197675427),(4327,'Manito',3127,NULL,-197675427),(4328,'IL',3128,NULL,-197675427),(4329,'61546',3129,NULL,-197675427),(4330,'',3130,NULL,-197675427),(4331,'US',3131,NULL,-197675427),(4332,'7937 Warner Rd.',3138,NULL,-197675427),(4333,'',3139,NULL,-197675427),(4334,'Manito',3141,NULL,-197675427),(4335,'61546',3143,NULL,-197675427),(4336,'',3144,NULL,-197675427),(4337,'IL',3142,NULL,-197675427),(4338,'US',3145,NULL,-197675427),(4339,'John Doe 43',3136,NULL,-197675427),(4340,'John Doe 43',3122,NULL,-197675427),(4341,'5054506042',3132,NULL,-197675427),(4342,'5054506042',3146,NULL,-197675427),(4343,'johndoe43@mail.com',3147,NULL,-197675427),(4344,'johndoe43@mail.com',3133,NULL,-197675427),(4345,'Box 142',3124,NULL,-1572839392),(4346,'400 W. Locust',3125,NULL,-1572839392),(4347,'Kilbourne',3127,NULL,-1572839392),(4348,'IL',3128,NULL,-1572839392),(4349,'62655',3129,NULL,-1572839392),(4350,'',3130,NULL,-1572839392),(4351,'US',3131,NULL,-1572839392),(4352,'Box 142',3138,NULL,-1572839392),(4353,'400 W. Locust',3139,NULL,-1572839392),(4354,'Kilbourne',3141,NULL,-1572839392),(4355,'62655',3143,NULL,-1572839392),(4356,'',3144,NULL,-1572839392),(4357,'IL',3142,NULL,-1572839392),(4358,'US',3145,NULL,-1572839392),(4359,'John Doe 44',3136,NULL,-1572839392),(4360,'John Doe 44',3122,NULL,-1572839392),(4361,'5054506043',3132,NULL,-1572839392),(4362,'5054506043',3146,NULL,-1572839392),(4363,'johndoe44@mail.com',3147,NULL,-1572839392),(4364,'johndoe44@mail.com',3133,NULL,-1572839392),(4365,'3776 Hilliard Road',3124,NULL,1072770200),(4366,'',3125,NULL,1072770200),(4367,'Jacksonville',3127,NULL,1072770200),(4368,'FL',3128,NULL,1072770200),(4369,'32217',3129,NULL,1072770200),(4370,'4262',3130,NULL,1072770200),(4371,'US',3131,NULL,1072770200),(4372,'3776 Hilliard Road',3138,NULL,1072770200),(4373,'',3139,NULL,1072770200),(4374,'Jacksonville',3141,NULL,1072770200),(4375,'32217',3143,NULL,1072770200),(4376,'4262',3144,NULL,1072770200),(4377,'FL',3142,NULL,1072770200),(4378,'US',3145,NULL,1072770200),(4379,'John Doe 45',3136,NULL,1072770200),(4380,'John Doe 45',3122,NULL,1072770200),(4381,'5054506044',3132,NULL,1072770200),(4382,'5054506044',3146,NULL,1072770200),(4383,'johndoe45@mail.com',3147,NULL,1072770200),(4384,'johndoe45@mail.com',3133,NULL,1072770200),(4385,'11443 Sugar Maple Place So.',3124,NULL,-1304478182),(4386,'',3125,NULL,-1304478182),(4387,'Jacksonville',3127,NULL,-1304478182),(4388,'FL',3128,NULL,-1304478182),(4389,'32225',3129,NULL,-1304478182),(4390,'',3130,NULL,-1304478182),(4391,'US',3131,NULL,-1304478182),(4392,'11443 Sugar Maple Place So.',3138,NULL,-1304478182),(4393,'',3139,NULL,-1304478182),(4394,'Jacksonville',3141,NULL,-1304478182),(4395,'32225',3143,NULL,-1304478182),(4396,'',3144,NULL,-1304478182),(4397,'FL',3142,NULL,-1304478182),(4398,'US',3145,NULL,-1304478182),(4399,'John Doe 46',3136,NULL,-1304478182),(4400,'John Doe 46',3122,NULL,-1304478182),(4401,'5054506045',3132,NULL,-1304478182),(4402,'5054506045',3146,NULL,-1304478182),(4403,'johndoe46@mail.com',3147,NULL,-1304478182),(4404,'johndoe46@mail.com',3133,NULL,-1304478182),(4405,'2116 Raindance Lane',3124,NULL,-1222558338),(4406,'',3125,NULL,-1222558338),(4407,'Boca Raton',3127,NULL,-1222558338),(4408,'FL',3128,NULL,-1222558338),(4409,'33428',3129,NULL,-1222558338),(4410,'1144',3130,NULL,-1222558338),(4411,'US',3131,NULL,-1222558338),(4412,'2116 Raindance Lane',3138,NULL,-1222558338),(4413,'',3139,NULL,-1222558338),(4414,'Boca Raton',3141,NULL,-1222558338),(4415,'33428',3143,NULL,-1222558338),(4416,'1144',3144,NULL,-1222558338),(4417,'FL',3142,NULL,-1222558338),(4418,'US',3145,NULL,-1222558338),(4419,'John Doe 47',3136,NULL,-1222558338),(4420,'John Doe 47',3122,NULL,-1222558338),(4421,'5054506046',3132,NULL,-1222558338),(4422,'5054506046',3146,NULL,-1222558338),(4423,'johndoe47@mail.com',3147,NULL,-1222558338),(4424,'johndoe47@mail.com',3133,NULL,-1222558338),(4425,'10121 Greenock Road',3124,NULL,845949257),(4426,'',3125,NULL,845949257),(4427,'Silver Spring',3127,NULL,845949257),(4428,'MD',3128,NULL,845949257),(4429,'20901',3129,NULL,845949257),(4430,'2032',3130,NULL,845949257),(4431,'US',3131,NULL,845949257),(4432,'10121 Greenock Road',3138,NULL,845949257),(4433,'',3139,NULL,845949257),(4434,'Silver Spring',3141,NULL,845949257),(4435,'20901',3143,NULL,845949257),(4436,'2032',3144,NULL,845949257),(4437,'MD',3142,NULL,845949257),(4438,'US',3145,NULL,845949257),(4439,'John Doe 48',3136,NULL,845949257),(4440,'John Doe 48',3122,NULL,845949257),(4441,'5054506047',3132,NULL,845949257),(4442,'5054506047',3146,NULL,845949257),(4443,'johndoe48@mail.com',3147,NULL,845949257),(4444,'johndoe48@mail.com',3133,NULL,845949257),(4445,'2817 Pennsylvania Ave.',3124,NULL,-1004615884),(4446,'',3125,NULL,-1004615884),(4447,'Halethorpe',3127,NULL,-1004615884),(4448,'MD',3128,NULL,-1004615884),(4449,'21227',3129,NULL,-1004615884),(4450,'',3130,NULL,-1004615884),(4451,'US',3131,NULL,-1004615884),(4452,'2817 Pennsylvania Ave.',3138,NULL,-1004615884),(4453,'',3139,NULL,-1004615884),(4454,'Halethorpe',3141,NULL,-1004615884),(4455,'21227',3143,NULL,-1004615884),(4456,'',3144,NULL,-1004615884),(4457,'MD',3142,NULL,-1004615884),(4458,'US',3145,NULL,-1004615884),(4459,'John Doe 49',3136,NULL,-1004615884),(4460,'John Doe 49',3122,NULL,-1004615884),(4461,'5054506048',3132,NULL,-1004615884),(4462,'5054506048',3146,NULL,-1004615884),(4463,'johndoe49@mail.com',3147,NULL,-1004615884),(4464,'johndoe49@mail.com',3133,NULL,-1004615884),(4465,'10815 Retanas PL NW',3124,NULL,1545713963),(4466,'',3125,NULL,1545713963),(4467,'Albuquerque',3127,NULL,1545713963),(4468,'NM',3128,NULL,1545713963),(4469,'87114',3129,NULL,1545713963),(4470,'6161',3130,NULL,1545713963),(4471,'US',3131,NULL,1545713963),(4472,'10815 Retanas PL NW',3138,NULL,1545713963),(4473,'',3139,NULL,1545713963),(4474,'Albuquerque',3141,NULL,1545713963),(4475,'87114',3143,NULL,1545713963),(4476,'6161',3144,NULL,1545713963),(4477,'NM',3142,NULL,1545713963),(4478,'US',3145,NULL,1545713963),(4479,'John Doe 50',3136,NULL,1545713963),(4480,'John Doe 50',3122,NULL,1545713963),(4481,'5054506049',3132,NULL,1545713963),(4482,'5054506049',3146,NULL,1545713963),(4483,'johndoe50@mail.com',3147,NULL,1545713963),(4484,'johndoe50@mail.com',3133,NULL,1545713963),(4485,'PO Box 34',3124,NULL,1245616564),(4486,'',3125,NULL,1245616564),(4487,'Saltese',3127,NULL,1245616564),(4488,'MT',3128,NULL,1245616564),(4489,'59867',3129,NULL,1245616564),(4490,'',3130,NULL,1245616564),(4491,'US',3131,NULL,1245616564),(4492,'PO Box 34',3138,NULL,1245616564),(4493,'',3139,NULL,1245616564),(4494,'Saltese',3141,NULL,1245616564),(4495,'59867',3143,NULL,1245616564),(4496,'',3144,NULL,1245616564),(4497,'MT',3142,NULL,1245616564),(4498,'US',3145,NULL,1245616564),(4499,'John Doe 51',3136,NULL,1245616564),(4500,'John Doe 51',3122,NULL,1245616564),(4501,'5054506050',3132,NULL,1245616564),(4502,'5054506050',3146,NULL,1245616564),(4503,'johndoe51@mail.com',3147,NULL,1245616564),(4504,'johndoe51@mail.com',3133,NULL,1245616564),(4505,'424 N. 8th St.',3124,NULL,987357330),(4506,'',3125,NULL,987357330),(4507,'Sterling',3127,NULL,987357330),(4508,'KS',3128,NULL,987357330),(4509,'67579',3129,NULL,987357330),(4510,'',3130,NULL,987357330),(4511,'US',3131,NULL,987357330),(4512,'424 N. 8th St.',3138,NULL,987357330),(4513,'',3139,NULL,987357330),(4514,'Sterling',3141,NULL,987357330),(4515,'67579',3143,NULL,987357330),(4516,'',3144,NULL,987357330),(4517,'KS',3142,NULL,987357330),(4518,'US',3145,NULL,987357330),(4519,'John Doe 52',3136,NULL,987357330),(4520,'John Doe 52',3122,NULL,987357330),(4521,'5054506051',3132,NULL,987357330),(4522,'5054506051',3146,NULL,987357330),(4523,'johndoe52@mail.com',3147,NULL,987357330),(4524,'johndoe52@mail.com',3133,NULL,987357330),(4525,'595 St. Catherine Rd.',3124,NULL,-1919674774),(4526,'',3125,NULL,-1919674774),(4527,'Bellevue',3127,NULL,-1919674774),(4528,'IL',3128,NULL,-1919674774),(4529,'62031',3129,NULL,-1919674774),(4530,'',3130,NULL,-1919674774),(4531,'US',3131,NULL,-1919674774),(4532,'595 St. Catherine Rd.',3138,NULL,-1919674774),(4533,'',3139,NULL,-1919674774),(4534,'Bellevue',3141,NULL,-1919674774),(4535,'62031',3143,NULL,-1919674774),(4536,'',3144,NULL,-1919674774),(4537,'IL',3142,NULL,-1919674774),(4538,'US',3145,NULL,-1919674774),(4539,'John Doe 53',3136,NULL,-1919674774),(4540,'John Doe 53',3122,NULL,-1919674774),(4541,'5054506052',3132,NULL,-1919674774),(4542,'5054506052',3146,NULL,-1919674774),(4543,'johndoe53@mail.com',3147,NULL,-1919674774),(4544,'johndoe53@mail.com',3133,NULL,-1919674774),(4545,'5001 Shadow Rock Rd NW',3124,NULL,-1447088550),(4546,'',3125,NULL,-1447088550),(4547,'Albuquerque',3127,NULL,-1447088550),(4548,'NM',3128,NULL,-1447088550),(4549,'87114',3129,NULL,-1447088550),(4550,'5328',3130,NULL,-1447088550),(4551,'US',3131,NULL,-1447088550),(4552,'5001 Shadow Rock Rd NW',3138,NULL,-1447088550),(4553,'',3139,NULL,-1447088550),(4554,'Albuquerque',3141,NULL,-1447088550),(4555,'87114',3143,NULL,-1447088550),(4556,'5328',3144,NULL,-1447088550),(4557,'NM',3142,NULL,-1447088550),(4558,'US',3145,NULL,-1447088550),(4559,'John Doe 54',3136,NULL,-1447088550),(4560,'John Doe 54',3122,NULL,-1447088550),(4561,'5054506053',3132,NULL,-1447088550),(4562,'5054506053',3146,NULL,-1447088550),(4563,'johndoe54@mail.com',3147,NULL,-1447088550),(4564,'johndoe54@mail.com',3133,NULL,-1447088550),(4565,'291 Mesa Linda Dr.',3124,NULL,-1959034354),(4566,'',3125,NULL,-1959034354),(4567,'Durango',3127,NULL,-1959034354),(4568,'CO',3128,NULL,-1959034354),(4569,'81303',3129,NULL,-1959034354),(4570,'8083',3130,NULL,-1959034354),(4571,'US',3131,NULL,-1959034354),(4572,'291 Mesa Linda Dr.',3138,NULL,-1959034354),(4573,'',3139,NULL,-1959034354),(4574,'Durango',3141,NULL,-1959034354),(4575,'81303',3143,NULL,-1959034354),(4576,'8083',3144,NULL,-1959034354),(4577,'CO',3142,NULL,-1959034354),(4578,'US',3145,NULL,-1959034354),(4579,'John Doe 55',3136,NULL,-1959034354),(4580,'John Doe 55',3122,NULL,-1959034354),(4581,'5054506054',3132,NULL,-1959034354),(4582,'5054506054',3146,NULL,-1959034354),(4583,'johndoe55@mail.com',3147,NULL,-1959034354),(4584,'johndoe55@mail.com',3133,NULL,-1959034354),(4585,'841 Harris Rd.',3124,NULL,1987735913),(4586,'',3125,NULL,1987735913),(4587,'Placerville',3127,NULL,1987735913),(4588,'CA',3128,NULL,1987735913),(4589,'95667',3129,NULL,1987735913),(4590,'6426',3130,NULL,1987735913),(4591,'US',3131,NULL,1987735913),(4592,'841 Harris Rd.',3138,NULL,1987735913),(4593,'',3139,NULL,1987735913),(4594,'Placerville',3141,NULL,1987735913),(4595,'95667',3143,NULL,1987735913),(4596,'6426',3144,NULL,1987735913),(4597,'CA',3142,NULL,1987735913),(4598,'US',3145,NULL,1987735913),(4599,'John Doe 56',3136,NULL,1987735913),(4600,'John Doe 56',3122,NULL,1987735913),(4601,'5054506055',3132,NULL,1987735913),(4602,'5054506055',3146,NULL,1987735913),(4603,'johndoe56@mail.com',3147,NULL,1987735913),(4604,'johndoe56@mail.com',3133,NULL,1987735913),(4605,'160 Coyote Run',3124,NULL,-1175860165),(4606,'',3125,NULL,-1175860165),(4607,'Corrales',3127,NULL,-1175860165),(4608,'NM',3128,NULL,-1175860165),(4609,'87048',3129,NULL,-1175860165),(4610,'9079',3130,NULL,-1175860165),(4611,'US',3131,NULL,-1175860165),(4612,'160 Coyote Run',3138,NULL,-1175860165),(4613,'',3139,NULL,-1175860165),(4614,'Corrales',3141,NULL,-1175860165),(4615,'87048',3143,NULL,-1175860165),(4616,'9079',3144,NULL,-1175860165),(4617,'NM',3142,NULL,-1175860165),(4618,'US',3145,NULL,-1175860165),(4619,'John Doe 57',3136,NULL,-1175860165),(4620,'John Doe 57',3122,NULL,-1175860165),(4621,'5054506056',3132,NULL,-1175860165),(4622,'5054506056',3146,NULL,-1175860165),(4623,'johndoe57@mail.com',3147,NULL,-1175860165),(4624,'johndoe57@mail.com',3133,NULL,-1175860165),(4625,'1807 Falcon Drive',3124,NULL,-252631347),(4626,'',3125,NULL,-252631347),(4627,'Keller',3127,NULL,-252631347),(4628,'TX',3128,NULL,-252631347),(4629,'76248',3129,NULL,-252631347),(4630,'',3130,NULL,-252631347),(4631,'US',3131,NULL,-252631347),(4632,'1807 Falcon Drive',3138,NULL,-252631347),(4633,'',3139,NULL,-252631347),(4634,'Keller',3141,NULL,-252631347),(4635,'76248',3143,NULL,-252631347),(4636,'',3144,NULL,-252631347),(4637,'TX',3142,NULL,-252631347),(4638,'US',3145,NULL,-252631347),(4639,'John Doe 58',3136,NULL,-252631347),(4640,'John Doe 58',3122,NULL,-252631347),(4641,'5054506057',3132,NULL,-252631347),(4642,'5054506057',3146,NULL,-252631347),(4643,'johndoe58@mail.com',3147,NULL,-252631347),(4644,'johndoe58@mail.com',3133,NULL,-252631347),(4645,'5077 Lemon Grove',3124,NULL,426910406),(4646,'Apt #6',3125,NULL,426910406),(4647,'Los Angeles',3127,NULL,426910406),(4648,'CA',3128,NULL,426910406),(4649,'90029',3129,NULL,426910406),(4650,'',3130,NULL,426910406),(4651,'US',3131,NULL,426910406),(4652,'5077 Lemon Grove',3138,NULL,426910406),(4653,'Apt #6',3139,NULL,426910406),(4654,'Los Angeles',3141,NULL,426910406),(4655,'90029',3143,NULL,426910406),(4656,'',3144,NULL,426910406),(4657,'CA',3142,NULL,426910406),(4658,'US',3145,NULL,426910406),(4659,'John Doe 59',3136,NULL,426910406),(4660,'John Doe 59',3122,NULL,426910406),(4661,'5054506058',3132,NULL,426910406),(4662,'5054506058',3146,NULL,426910406),(4663,'johndoe59@mail.com',3147,NULL,426910406),(4664,'johndoe59@mail.com',3133,NULL,426910406),(4665,'4310 Range Creek Drive',3124,NULL,232711872),(4666,'',3125,NULL,232711872),(4667,'Colorado Spring',3127,NULL,232711872),(4668,'CO',3128,NULL,232711872),(4669,'80922',3129,NULL,232711872),(4670,'',3130,NULL,232711872),(4671,'US',3131,NULL,232711872),(4672,'4310 Range Creek Drive',3138,NULL,232711872),(4673,'',3139,NULL,232711872),(4674,'Colorado Spring',3141,NULL,232711872),(4675,'80922',3143,NULL,232711872),(4676,'',3144,NULL,232711872),(4677,'CO',3142,NULL,232711872),(4678,'US',3145,NULL,232711872),(4679,'John Doe 60',3136,NULL,232711872),(4680,'John Doe 60',3122,NULL,232711872),(4681,'5054506059',3132,NULL,232711872),(4682,'5054506059',3146,NULL,232711872),(4683,'johndoe60@mail.com',3147,NULL,232711872),(4684,'johndoe60@mail.com',3133,NULL,232711872),(4685,'215 South Loop 289',3124,NULL,-465391139),(4686,'',3125,NULL,-465391139),(4687,'Lubbock',3127,NULL,-465391139),(4688,'TX',3128,NULL,-465391139),(4689,'79423',3129,NULL,-465391139),(4690,'',3130,NULL,-465391139),(4691,'US',3131,NULL,-465391139),(4692,'215 South Loop 289',3138,NULL,-465391139),(4693,'',3139,NULL,-465391139),(4694,'Lubbock',3141,NULL,-465391139),(4695,'79423',3143,NULL,-465391139),(4696,'',3144,NULL,-465391139),(4697,'TX',3142,NULL,-465391139),(4698,'US',3145,NULL,-465391139),(4699,'John Doe 61',3136,NULL,-465391139),(4700,'John Doe 61',3122,NULL,-465391139),(4701,'5054506060',3132,NULL,-465391139),(4702,'5054506060',3146,NULL,-465391139),(4703,'johndoe61@mail.com',3147,NULL,-465391139),(4704,'johndoe61@mail.com',3133,NULL,-465391139),(4705,'2711 Jacaranda Ave.',3124,NULL,1205073790),(4706,'',3125,NULL,1205073790),(4707,'Carlsbad',3127,NULL,1205073790),(4708,'CA',3128,NULL,1205073790),(4709,'92009',3129,NULL,1205073790),(4710,'',3130,NULL,1205073790),(4711,'US',3131,NULL,1205073790),(4712,'2711 Jacaranda Ave.',3138,NULL,1205073790),(4713,'',3139,NULL,1205073790),(4714,'Carlsbad',3141,NULL,1205073790),(4715,'92009',3143,NULL,1205073790),(4716,'',3144,NULL,1205073790),(4717,'CA',3142,NULL,1205073790),(4718,'US',3145,NULL,1205073790),(4719,'John Doe 62',3136,NULL,1205073790),(4720,'John Doe 62',3122,NULL,1205073790),(4721,'5054506061',3132,NULL,1205073790),(4722,'5054506061',3146,NULL,1205073790),(4723,'johndoe62@mail.com',3147,NULL,1205073790),(4724,'johndoe62@mail.com',3133,NULL,1205073790),(4725,'1910 Technology Parkway',3124,NULL,1784276600),(4726,'#1002',3125,NULL,1784276600),(4727,'Mechanicsburg',3127,NULL,1784276600),(4728,'PA',3128,NULL,1784276600),(4729,'17050',3129,NULL,1784276600),(4730,'8507',3130,NULL,1784276600),(4731,'US',3131,NULL,1784276600),(4732,'1910 Technology Parkway',3138,NULL,1784276600),(4733,'#1002',3139,NULL,1784276600),(4734,'Mechanicsburg',3141,NULL,1784276600),(4735,'17050',3143,NULL,1784276600),(4736,'8507',3144,NULL,1784276600),(4737,'PA',3142,NULL,1784276600),(4738,'US',3145,NULL,1784276600),(4739,'John Doe 63',3136,NULL,1784276600),(4740,'John Doe 63',3122,NULL,1784276600),(4741,'5054506062',3132,NULL,1784276600),(4742,'5054506062',3146,NULL,1784276600),(4743,'johndoe63@mail.com',3147,NULL,1784276600),(4744,'johndoe63@mail.com',3133,NULL,1784276600),(4745,'GIFT',3118,NULL,NULL),(4746,'US',3177,NULL,NULL),(4747,'US',3177,NULL,NULL),(4748,'15',3167,NULL,NULL),(4749,'UPS ',3151,NULL,-241060486),(4750,'08 ',3152,NULL,-241060486),(4751,'UPS ',3151,NULL,1353549129),(4752,'13 ',3152,NULL,1353549129),(4753,'UPS ',3151,NULL,-2072734665),(4754,'14 ',3152,NULL,-2072734665),(4755,'UPS ',3151,NULL,1899538788),(4756,'2D ',3152,NULL,1899538788),(4757,'UPS ',3151,NULL,1687111527),(4758,'3D ',3152,NULL,1687111527),(4759,'UPS ',3151,NULL,-1649579764),(4760,'59 ',3152,NULL,-1649579764),(4761,'UPS ',3151,NULL,-401006397),(4762,'G ',3152,NULL,-401006397),(4763,'UPS ',3151,NULL,-2026399695),(4764,'ND ',3152,NULL,-2026399695),(4765,'UPS ',3151,NULL,-1236809623),(4766,'STD ',3152,NULL,-1236809623),(4767,'UPS ',3151,NULL,1552018991),(4768,'WWE ',3152,NULL,1552018991);
/*!40000 ALTER TABLE `datafields` ENABLE KEYS */;
UNLOCK TABLES;

--
-- Table structure for table `fields`
--

DROP TABLE IF EXISTS `fields`;
/*!40101 SET @saved_cs_client     = @@character_set_client */;
 SET character_set_client = utf8mb4 ;
CREATE TABLE `fields` (
  `ID` int(11) NOT NULL AUTO_INCREMENT,
  `Field_Name` varchar(50) NOT NULL,
  `Field_Type` varchar(255) DEFAULT NULL,
  `Length` decimal(7,2) DEFAULT NULL,
  `Field_Desc` varchar(255) DEFAULT NULL,
  `DefaultV` varchar(255) DEFAULT NULL,
  `UniqueV` tinyint(1) DEFAULT NULL,
  `FLevel` int(11) DEFAULT '1',
  PRIMARY KEY (`ID`)
) ENGINE=InnoDB AUTO_INCREMENT=3300 DEFAULT CHARSET=utf8;
/*!40101 SET character_set_client = @saved_cs_client */;

--
-- Dumping data for table `fields`
--

LOCK TABLES `fields` WRITE;
/*!40000 ALTER TABLE `fields` DISABLE KEYS */;
INSERT INTO `fields` VALUES (3113,'RECORD TYPE','String',1.00,'H - Defines that Order Header Information Starts1','Null',0,1),(3114,'ORGANIZATION_ID','String',10.00,'Warehouse ID','Null',0,1),(3115,'BUSINESS_UNIT','String',12.00,'Business Unit (Client)','Null',0,2),(3116,'ORDER_NO','String',30.00,'This the Customer Order Number. But System will create the unique Order No and which will be used thought out the screen. ','Null',0,1),(3117,'ACTION_CD','String',1.00,'A - Add, M - Modify , D - Delete','Null',0,1),(3118,'ORDER_TYPE','String',10.00,'Order Type e-Commerce, Web Order, Retailer','Null',0,1),(3119,'PURCHASE_ORDER_NO','String',30.00,'Purchase Order No','Null',0,1),(3120,'CUSTOMER_ID','String',30.00,'Customer ID - If the given customer is new then system will create the Customer','Null',0,1),(3121,'CUST_GROUP2','String',10.00,'Account.','Null',0,1),(3122,'SHIP_TO_NAME','String',60.00,'Customer Name','Null',0,1),(3123,'SHIP_TO_ATTN_LINE','String',60.00,'Ship to Attention Line','Null',0,1),(3124,'SHIP_TO_ADDRESS LINE1','String',45.00,'Ship to Address Line1','Null',0,1),(3125,'SHIP_TO_ADDRESS LINE2','String',45.00,'Ship to Address Line2','Null',0,1),(3126,'SHIP_TO_ADDRESS LINE3','String',45.00,'Ship to Address Line3','Null',0,1),(3127,'SHIP_TO_CITY','String',45.00,'Ship To City','Null',0,1),(3128,'SHIP_TO_STATE','String',30.00,'Ship To State Code','Null',0,1),(3129,'SHIP_TO_ZIP','String',10.00,'Ship To Zip Code','Null',0,1),(3130,'SHIP_TO_ZIP_EXT','String',10.00,'Ship To Zip Code Ext','Null',0,1),(3131,'SHIP_TO_COUNTRY','String',10.00,'Ship to country code (ISO)','Null',0,1),(3132,'SHIP_TO_PHONE','String',25.00,'Ship to Phone No','Null',0,1),(3133,'SHIP_TO_EMAIL','String',60.00,'Ship to Email id','Null',0,1),(3134,'FREIGHT PAYMENT TYPE','String',2.00,'P - Prepaid/C - Collect/T -Thirdparty','Null',0,1),(3135,'FREIGHT_ACCOUNT NO','String',15.00,'Bill / Freight Account No','Null',0,1),(3136,'BILL_TO_NAME','String',60.00,'Bill To Address Name.','Null',0,1),(3137,'BILL_TO_ATTN_LINE','String',60.00,'Bill to Attention Line','Null',0,1),(3138,'BILL TO_ADDRESS_LINE1','String',45.00,'Bill to Address Line1','Null',0,1),(3139,'BILL TO_ADDRESS_LINE2','String',45.00,'Bill to Address Line2','Null',0,1),(3140,'BILL TO_ADDRESS_LINE3','String',45.00,'Bill to Address Line3','Null',0,1),(3141,'BILL TO_CITY','String',45.00,'Bill to City','Null',0,1),(3142,'BILL TO_STATE','String',30.00,'Bill to State','Null',0,1),(3143,'BILL TO_ZIP','String',10.00,'Bill to Zip','Null',0,1),(3144,'BILL TO_ZIP_EXT','String',10.00,'Bill to Zip Ext','Null',0,1),(3145,'BILL_TO_COUNTRY','String',10.00,'Bill to country (ISO)','Null',0,1),(3146,'BILL TO_PHONE','String',20.00,'Bill to Phone','Null',0,1),(3147,'BILL_TO_EMAIL','String',60.00,'Bill to Email id','Null',0,1),(3148,'ORDER DATE','String',10.00,'Date format has to be 20101008 (YYYYMMDD )','Null',0,1),(3149,'DO NOT SHIP AFTER DATE','String',10.00,'Date format has to be 20101008 (YYYYMMDD )','Null',0,1),(3150,'DO NOT SHIP BEFORE DATE','String',10.00,'Date format has to be 20101008 (YYYYMMDD )','Null',0,1),(3151,'CARR CD','String',12.00,'Carrier Code','Null',0,1),(3152,'CARRIER SERVICE LEVEL','String',12.00,'Carrier Service Level','Null',0,1),(3153,'ADDTNL_ORDER_NO','String',20.00,'Any Additional Order # from the host needs to be passed back in this field.','Null',0,1),(3154,'MARK_FOR_CODE','String',20.00,'Mark For Code incase shipping to DC','Null',0,1),(3155,'MARK_FOR_NAME','String',60.00,'Mark For Address Name.','Null',0,1),(3156,'MARK_FOR_ATTN_LINE','String',60.00,'Mark ForAttention Line','Null',0,1),(3157,'MARK_FOR_ADDRESS_LINE1','String',45.00,'Mark ForAddress Line1','Null',0,1),(3158,'MARK_FOR_ADDRESS_LINE2','String',45.00,'Mark ForAddress Line2','Null',0,1),(3159,'MARK_FOR_ADDRESS_LINE3','String',45.00,'Mark ForAddress Line3','Null',0,1),(3160,'MARK_FOR_CITY','String',45.00,'Mark ForCity','Null',0,1),(3161,'MARK_FOR_STATE','String',30.00,'Mark ForState','Null',0,1),(3162,'MARK_FOR_ZIP','String',10.00,'Mark ForZip','Null',0,1),(3163,'MARK_FOR_ZIP_EXT','String',10.00,'Mark For Zip Ext','Null',0,1),(3164,'MARK_FOR_COUNTRY','String',10.00,'Mark Forcountry (ISO)','Null',0,1),(3165,'MARK_FOR_PHONE','String',20.00,'Mark ForPhone','Null',0,1),(3166,'MARK_FOR_EMAIL','String',60.00,'Mark For Email id','Null',0,1),(3167,'PRIORITY_CD','Number',5.00,'Priority Code','Null',0,1),(3168,'STORE_NO','String',50.00,'Store No','Null',0,1),(3169,'DEPT_NO','String',50.00,'Department No','Null',0,1),(3170,'DIV_CD','String',50.00,'Division Code','Null',0,1),(3171,'TERMS_CD','String',12.00,'Payment Terms','Null',0,1),(3172,'TOTAL_QTY','Number',9.00,'Total Qty','Null',0,1),(3173,'Packing slip Type','String',100.00,'Packing Slip Type','Null',0,1),(3174,'Case_Label Type','String',100.00,'Case Label Type','Null',0,1),(3175,'Return Address','String',100.00,'Return Address','Null',0,1),(3176,'Internationl Shipping Desc','String',200.00,'International Shipping Desc','Null',0,1),(3177,'Currency Code','String',100.00,'Currency Code','Null',0,1),(3178,'3rd Party Account Number','String',100.00,'Third Party Account Number','Null',0,1),(3179,'Vendor Item Number','String',100.00,'Vendor Item Number','Null',0,1),(3180,'Schedule Delivery Date','String',10.00,'Schedule Delivery Date','Null',0,1),(3181,'Routing Guide Number','String',100.00,'Routing Guide Number','Null',0,1),(3182,'Route Type','String',100.00,'Route Type','Null',0,1),(3183,'Route Type 1','String',100.00,'Route Type1','Null',0,1),(3184,'Route Type 2','String',100.00,'Route Type2','Null',0,1),(3185,'Total Order Dollars','String',100.00,'Total Order Dollars','Null',0,1),(3186,'Language','String',100.00,'Language','Null',0,1),(3187,'Inco Terms','String',100.00,'Inco Terms','Null',0,1),(3188,'IOR / EOR','String',100.00,'IOR/ EOR','Null',0,1),(3189,'IOR VALUE','String',100.00,'IOR Value','Null',0,1),(3190,'Inco Term Value','String',100.00,'Inco Term Value','Null',0,1),(3191,'COD Indicator','String',100.00,'COD Indicator','Null',0,1),(3192,'COD Total Value','String',100.00,'COD Total Value','Null',0,1),(3193,'COD Value','String',100.00,'COD Value','Null',0,1),(3194,'100% Order Allocation','String',100.00,'Order Allocation','Null',0,1),(3195,'REF_TYPE1','String',12.00,'Reference Type 1','Null',0,1),(3196,'REF_ID1','String',30.00,'Reference Id1','Null',0,1),(3197,'REF_TYPE2','String',12.00,'Reference Type 2','Null',0,1),(3198,'REF_ID2','String',30.00,'Reference Id2','Null',0,1),(3199,'REF_TYPE3','String',12.00,'Reference Type 3','Null',0,1),(3200,'REF_ID3','String',30.00,'Reference Id3','Null',0,1),(3201,'REF_TYPE4','String',12.00,'Reference Type 4','Null',0,1),(3202,'REF_ID4','String',30.00,'Reference Id4','Null',0,1),(3203,'REF_TYPE5','String',12.00,'Reference Type 5','Null',0,1),(3204,'REF_ID5','String',30.00,'Reference Id6','Null',0,1),(3205,'REF_TYPE6','String',12.00,'Reference Type 6','Null',0,1),(3206,'REF_ID6','String',300.00,'Reference Id6','Null',0,1),(3207,'REF_TYPE7','String',60.00,'Reference Type 7','Null',0,1),(3208,'REF_ID7','String',300.00,'Reference Id7','Null',0,1),(3209,'REF_TYPE8','String',60.00,'Reference Type 8','Null',0,1),(3210,'REF_ID8','String',300.00,'Reference Id8','Null',0,1),(3211,'REF_TYPE9','String',60.00,'Reference Type 9','Null',0,1),(3212,'REF_ID9','String',300.00,'Reference Id9','Null',0,1),(3213,'REF_TYPE10','String',60.00,'Reference Type 10','Null',0,1),(3214,'REF_ID10','String',300.00,'Reference Id10','Null',0,1),(3215,'MISC_CD1','String',30.00,'Miscellaneous Field','Null',0,1),(3216,'MISC_CD2','String',30.00,'Miscellaneous Field','Null',0,1),(3217,'MISC_CD3','String',30.00,'Miscellaneous Field','Null',0,1),(3218,'MISC_CD4','String',30.00,'Miscellaneous Field','Null',0,1),(3219,'MISC_CD5','String',30.00,'Miscellaneous Field','Null',0,1),(3220,'MISC_CD6','String',30.00,'Miscellaneous Field','Null',0,1),(3221,'MISC_CD7','String',30.00,'Miscellaneous Field','Null',0,1),(3222,'MISC_CD8','String',30.00,'Miscellaneous Field','Null',0,1),(3223,'MISC_CD9','String',30.00,'Miscellaneous Field','Null',0,1),(3224,'MISC_CD10','String',30.00,'Miscellaneous Field','Null',0,1),(3225,'MISC_CD11','String',30.00,'Miscellaneous Field','Null',0,1),(3226,'MISC_CD12','String',30.00,'Miscellaneous Field','Null',0,1),(3227,'MISC_CD13','String',30.00,'Miscellaneous Field','Null',0,1),(3228,'MISC_CD14','String',30.00,'Miscellaneous Field','Null',0,1),(3229,'MISC_CD15','String',30.00,'Miscellaneous Field','Null',0,1),(3230,'MISC_CD16','String',30.00,'Miscellaneous Field','Null',0,1),(3231,'MISC_CD17','String',30.00,'Miscellaneous Field','Null',0,1),(3232,'MISC_CD18','String',30.00,'Miscellaneous Field','Null',0,1),(3233,'MISC_CD19','String',30.00,'Miscellaneous Field','Null',0,1),(3234,'MISC_CD20','String',30.00,'Miscellaneous Field','Null',0,1),(3235,'Shipment Reference 1','String',50.00,'','Null',0,1),(3236,'Shipment Reference 2','String',50.00,'','Null',0,1),(3237,'Shipment Reference 3','String',50.00,'','Null',0,1),(3238,'BOL/AWB Number','String',50.00,'','Null',0,1),(3239,'Pro Number','String',50.00,'','Null',0,1),(3240,'Appointment Number ','String',50.00,'','Null',0,1),(3241,'ITEM','String',30.00,'SKU / Product / Item code / Article Number','NULL',1,1),(3242,'ITEM_DESC','String',100.00,'SKU Description','NULL',0,1),(3243,'ORDER QUANTITY','Number',6.00,'Order Quantity','NULL',0,1),(3244,'LOT_NO','String',12.00,'Lot/Batch Number','NULL',0,1),(3245,'UOM','String',10.00,'EA - Eaches','NULL',0,1),(3246,'CUSTOMER_SKU','String',30.00,'Customer SKU Code','NULL',0,1),(3247,'UPC_CODE','String',25.00,'UPC Codes','NULL',0,1),(3248,'UNIT_PRICE','Number',11.20,'Unit Price','NULL',0,1),(3249,'EXTENDED_AMT','Number',11.20,'Amount','NULL',0,1),(3250,'SKU Attributes','String',100.00,'Sku Attributes','NULL',0,1),(3251,'Product Status','String',100.00,'Product Status','NULL',0,1),(3252,'Shipper Type','String',100.00,'Shipper Type','NULL',0,1),(3253,'Currency Code','String',100.00,'Currency Code','NULL',0,1),(3254,'Shelf Days','String',100.00,'Shelf Days','NULL',0,1),(3255,'customer line number','String',100.00,'Customer Line Number','NULL',0,1),(3256,'po number','String',100.00,'PO Number','NULL',0,1),(3257,'customer order number','String',100.00,'Customer Order Number','NULL',0,1),(3258,'MISC_CD1','String',30.00,'Miscellaneous Field','NULL',0,1),(3259,'MISC_CD2','String',30.00,'Miscellaneous Field','NULL',0,1),(3260,'MISC_CD3','String',30.00,'Miscellaneous Field','NULL',0,1),(3261,'MISC_CD4','String',30.00,'Miscellaneous Field','NULL',0,1),(3262,'MISC_CD5','String',30.00,'Miscellaneous Field','NULL',0,1),(3263,'MISC_CD6','String',30.00,'Miscellaneous Field','NULL',0,1),(3264,'MISC_CD7','String',30.00,'Miscellaneous Field','NULL',0,1),(3265,'MISC_CD8','String',30.00,'Miscellaneous Field','NULL',0,1),(3266,'MISC_CD9','String',30.00,'Miscellaneous Field','NULL',0,1),(3267,'MISC_CD10','String',30.00,'Miscellaneous Field','NULL',0,1),(3268,'MISC_CD11','String',30.00,'Miscellaneous Field','NULL',0,1),(3269,'MISC_CD12','String',30.00,'Miscellaneous Field','NULL',0,1),(3270,'MISC_CD13','String',30.00,'Miscellaneous Field','NULL',0,1),(3271,'MISC_CD14','String',30.00,'Miscellaneous Field','NULL',0,1),(3272,'MISC_CD15','String',30.00,'Miscellaneous Field','NULL',0,1),(3273,'MISC_CD16','String',30.00,'Miscellaneous Field','NULL',0,1),(3274,'MISC_CD17','String',30.00,'Miscellaneous Field','NULL',0,1),(3275,'MISC_CD18','String',30.00,'Miscellaneous Field','NULL',0,1),(3276,'MISC_CD19','String',30.00,'Miscellaneous Field','NULL',0,1),(3277,'MISC_CD20','String',30.00,'Miscellaneous Field','NULL',0,1),(3278,'REF_TYPE1','String',12.00,'Reference Type 1','NULL',0,1),(3279,'REF_ID1','String',30.00,'Reference Id1','NULL',0,1),(3280,'REF_TYPE2','String',12.00,'Reference Type 2','NULL',0,1),(3281,'REF_ID2','String',30.00,'Reference Id2','NULL',0,1),(3282,'REF_TYPE3','String',12.00,'Reference Type 3','NULL',0,1),(3283,'REF_ID3','String',30.00,'Reference Id3','NULL',0,1),(3284,'REF_TYPE4','String',12.00,'Reference Type 4','NULL',0,1),(3285,'REF_ID4','String',30.00,'Reference Id4','NULL',0,1),(3286,'REF_TYPE5','String',12.00,'Reference Type 5','NULL',0,1),(3287,'REF_ID5','String',30.00,'Reference Id5','NULL',0,1),(3288,'Shipment Reference 1','String',50.00,'','NULL',0,1),(3289,'Shipment Reference 2','String',50.00,'','NULL',0,1),(3290,'Shipment Reference 3','String',50.00,'','NULL',0,1),(3291,'PO Line Number','String',50.00,'','NULL',0,1),(3292,'Expiration Date','String',50.00,'','NULL',0,1),(3293,'Disposition Code','String',50.00,'','NULL',0,1),(3294,'COO','String',50.00,'','NULL',0,1),(3295,'COMMENT TYPE','String',12.00,'Comment type','NULL',0,1),(3296,'SEQ_NO','String',5.00,'Comment Sequence #','NULL',0,1),(3297,'COMMENT DESC','String',255.00,'Comment desc','NULL',0,1),(3298,'ORDER LINE NO','Number',4.00,'Order Line Number','NULL',0,1),(3299,'DISTRIBUTION_CENTER','String',12.00,'Building ID','NULL',0,1);
/*!40000 ALTER TABLE `fields` ENABLE KEYS */;
UNLOCK TABLES;

--
-- Table structure for table `lfiles`
--

DROP TABLE IF EXISTS `lfiles`;
/*!40101 SET @saved_cs_client     = @@character_set_client */;
 SET character_set_client = utf8mb4 ;
CREATE TABLE `lfiles` (
  `LFile_ID` int(11) NOT NULL AUTO_INCREMENT,
  `Doc_Name` varchar(50) NOT NULL,
  `Doc_Description` varchar(255) DEFAULT NULL,
  `Num_Struct` int(11) DEFAULT NULL,
  `Secuential` int(11) DEFAULT '0',
  `IssueDate` datetime DEFAULT '1986-03-06 00:00:00',
  PRIMARY KEY (`LFile_ID`)
) ENGINE=InnoDB AUTO_INCREMENT=17 DEFAULT CHARSET=utf8;
/*!40101 SET character_set_client = @saved_cs_client */;

--
-- Dumping data for table `lfiles`
--

LOCK TABLES `lfiles` WRITE;
/*!40000 ALTER TABLE `lfiles` DISABLE KEYS */;
INSERT INTO `lfiles` VALUES (16,'Sales Order','First Sales Order',3,760,'2018-05-09 00:00:00');
/*!40000 ALTER TABLE `lfiles` ENABLE KEYS */;
UNLOCK TABLES;

--
-- Table structure for table `structfields`
--

DROP TABLE IF EXISTS `structfields`;
/*!40101 SET @saved_cs_client     = @@character_set_client */;
 SET character_set_client = utf8mb4 ;
CREATE TABLE `structfields` (
  `ID` int(11) NOT NULL AUTO_INCREMENT,
  `StructID` int(11) DEFAULT NULL,
  `FieldID` int(11) DEFAULT NULL,
  `Field_Order` int(11) DEFAULT NULL,
  `Required` tinyint(4) DEFAULT NULL,
  PRIMARY KEY (`ID`),
  KEY `StructID_idx` (`StructID`),
  KEY `FieldID_idx` (`FieldID`),
  KEY `StructID_idx2` (`StructID`),
  KEY `FieldID_idx2` (`FieldID`),
  CONSTRAINT `FieldIDSF` FOREIGN KEY (`FieldID`) REFERENCES `fields` (`id`),
  CONSTRAINT `StructIDSF` FOREIGN KEY (`StructID`) REFERENCES `structs` (`id`)
) ENGINE=InnoDB AUTO_INCREMENT=193 DEFAULT CHARSET=utf8;
/*!40101 SET character_set_client = @saved_cs_client */;

--
-- Dumping data for table `structfields`
--

LOCK TABLES `structfields` WRITE;
/*!40000 ALTER TABLE `structfields` DISABLE KEYS */;
INSERT INTO `structfields` VALUES (1,1016,3113,1,1),(2,1016,3114,2,1),(5,1016,3115,4,1),(6,1016,3116,5,1),(7,1016,3117,6,1),(8,1016,3118,7,1),(9,1016,3119,8,0),(10,1016,3120,9,0),(11,1016,3121,10,0),(12,1016,3122,11,0),(13,1016,3123,12,0),(14,1016,3124,13,0),(15,1016,3125,14,0),(16,1016,3126,15,0),(17,1016,3127,16,0),(18,1016,3128,17,0),(19,1016,3129,18,0),(20,1016,3130,19,0),(21,1016,3131,20,0),(22,1016,3132,21,0),(23,1016,3133,22,0),(24,1016,3134,23,0),(25,1016,3135,24,0),(26,1016,3136,25,0),(27,1016,3137,26,0),(28,1016,3138,27,0),(29,1016,3139,28,0),(30,1016,3140,29,0),(31,1016,3141,30,0),(32,1016,3142,31,0),(33,1016,3143,32,0),(34,1016,3144,33,0),(35,1016,3145,34,0),(36,1016,3146,35,0),(37,1016,3147,36,0),(38,1016,3148,37,0),(39,1016,3149,38,0),(40,1016,3150,39,0),(41,1016,3151,40,0),(42,1016,3152,41,0),(43,1016,3153,42,0),(44,1016,3154,43,0),(45,1016,3155,44,0),(46,1016,3156,45,0),(47,1016,3157,46,0),(48,1016,3158,47,0),(49,1016,3159,48,0),(50,1016,3160,49,0),(51,1016,3161,50,0),(52,1016,3162,51,0),(53,1016,3163,52,0),(54,1016,3164,53,0),(55,1016,3165,54,0),(56,1016,3166,55,0),(57,1016,3167,56,0),(58,1016,3168,57,0),(59,1016,3169,58,0),(60,1016,3170,59,0),(61,1016,3171,60,0),(62,1016,3172,61,0),(63,1016,3173,62,0),(64,1016,3174,63,0),(65,1016,3175,64,0),(66,1016,3176,65,0),(67,1016,3177,66,0),(68,1016,3178,67,0),(69,1016,3179,68,0),(70,1016,3180,69,0),(71,1016,3181,70,0),(72,1016,3182,71,0),(73,1016,3183,72,0),(74,1016,3184,73,0),(75,1016,3185,74,0),(76,1016,3186,75,0),(77,1016,3187,76,0),(78,1016,3188,77,0),(79,1016,3189,78,0),(80,1016,3190,79,0),(81,1016,3191,80,0),(82,1016,3192,81,0),(83,1016,3193,82,0),(84,1016,3194,83,0),(85,1016,3195,84,0),(86,1016,3196,85,0),(87,1016,3197,86,0),(88,1016,3198,87,0),(89,1016,3199,88,0),(90,1016,3200,89,0),(91,1016,3201,90,0),(92,1016,3202,91,0),(93,1016,3203,92,0),(94,1016,3204,93,0),(95,1016,3205,94,0),(96,1016,3206,95,0),(97,1016,3207,96,0),(98,1016,3208,97,0),(99,1016,3209,98,0),(100,1016,3210,99,0),(101,1016,3211,100,0),(102,1016,3212,101,0),(103,1016,3213,102,0),(104,1016,3214,103,0),(105,1016,3215,104,0),(106,1016,3216,105,0),(107,1016,3217,106,0),(108,1016,3218,107,0),(109,1016,3219,108,0),(110,1016,3220,109,0),(111,1016,3221,110,0),(112,1016,3222,111,0),(113,1016,3223,112,0),(114,1016,3224,113,0),(115,1016,3225,114,0),(116,1016,3226,115,0),(117,1016,3227,116,0),(118,1016,3228,117,0),(119,1016,3229,118,0),(120,1016,3230,119,0),(121,1016,3231,120,0),(122,1016,3232,121,0),(123,1016,3233,122,0),(124,1016,3234,123,0),(125,1016,3235,124,0),(126,1016,3236,125,0),(127,1016,3237,126,0),(128,1016,3238,127,0),(129,1016,3239,128,0),(130,1016,3240,129,0),(131,1017,3113,1,1),(132,1017,3114,2,1),(133,1017,3115,4,1),(134,1017,3116,5,1),(137,1017,3241,7,0),(138,1017,3242,8,0),(139,1017,3243,9,0),(140,1017,3244,10,0),(141,1017,3245,11,0),(142,1017,3246,12,0),(143,1017,3247,13,0),(144,1017,3248,14,0),(145,1017,3249,15,0),(146,1017,3250,16,0),(147,1017,3251,17,0),(148,1017,3252,18,0),(149,1017,3253,19,0),(150,1017,3254,20,0),(151,1017,3255,21,0),(152,1017,3256,22,0),(153,1017,3257,23,0),(154,1017,3258,24,0),(155,1017,3259,25,0),(156,1017,3260,26,0),(157,1017,3261,27,0),(158,1017,3262,28,0),(159,1017,3263,29,0),(160,1017,3264,30,0),(161,1017,3265,31,0),(162,1017,3266,32,0),(163,1017,3267,33,0),(164,1017,3268,34,0),(165,1017,3269,35,0),(166,1017,3270,36,0),(167,1017,3271,37,0),(168,1017,3272,38,0),(169,1017,3273,39,0),(170,1017,3274,40,0),(171,1017,3275,41,0),(172,1017,3276,42,0),(173,1017,3277,43,0),(174,1017,3288,44,0),(175,1017,3289,45,0),(176,1017,3290,46,0),(177,1017,3291,47,0),(178,1017,3292,48,0),(179,1017,3293,49,0),(180,1017,3294,50,0),(181,1016,3299,3,1),(182,1017,3299,3,1),(183,1018,3113,1,1),(184,1018,3114,2,1),(185,1018,3115,4,1),(186,1018,3116,5,1),(187,1018,3298,6,0),(188,1018,3295,7,0),(189,1018,3296,8,0),(190,1018,3297,9,0),(191,1018,3299,3,1),(192,1017,3298,6,0);
/*!40000 ALTER TABLE `structfields` ENABLE KEYS */;
UNLOCK TABLES;

--
-- Table structure for table `structs`
--

DROP TABLE IF EXISTS `structs`;
/*!40101 SET @saved_cs_client     = @@character_set_client */;
 SET character_set_client = utf8mb4 ;
CREATE TABLE `structs` (
  `ID` int(11) NOT NULL AUTO_INCREMENT,
  `St_Name` varchar(50) NOT NULL,
  `St_Description` varchar(255) DEFAULT NULL,
  `Order_In_Doc` int(11) DEFAULT NULL,
  `Multiple` tinyint(1) DEFAULT NULL,
  `LFile_ID` int(11) DEFAULT NULL,
  PRIMARY KEY (`ID`),
  KEY `LFile_IDST_idx` (`LFile_ID`),
  CONSTRAINT `LFile_IDST` FOREIGN KEY (`LFile_ID`) REFERENCES `lfiles` (`lfile_id`)
) ENGINE=InnoDB AUTO_INCREMENT=1019 DEFAULT CHARSET=utf8;
/*!40101 SET character_set_client = @saved_cs_client */;

--
-- Dumping data for table `structs`
--

LOCK TABLES `structs` WRITE;
/*!40000 ALTER TABLE `structs` DISABLE KEYS */;
INSERT INTO `structs` VALUES (1016,'Sales Order Header','First Structure of the document',1,0,16),(1017,'Sales Order Detail','Sales Order Detail',2,1,16),(1018,'Sales Order Comment','Sales Order Comment',3,0,16);
/*!40000 ALTER TABLE `structs` ENABLE KEYS */;
UNLOCK TABLES;
/*!40103 SET TIME_ZONE=@OLD_TIME_ZONE */;

/*!40101 SET SQL_MODE=@OLD_SQL_MODE */;
/*!40014 SET FOREIGN_KEY_CHECKS=@OLD_FOREIGN_KEY_CHECKS */;
/*!40014 SET UNIQUE_CHECKS=@OLD_UNIQUE_CHECKS */;
/*!40101 SET CHARACTER_SET_CLIENT=@OLD_CHARACTER_SET_CLIENT */;
/*!40101 SET CHARACTER_SET_RESULTS=@OLD_CHARACTER_SET_RESULTS */;
/*!40101 SET COLLATION_CONNECTION=@OLD_COLLATION_CONNECTION */;
/*!40111 SET SQL_NOTES=@OLD_SQL_NOTES */;

-- Dump completed on 2019-03-05  8:57:36
